L,P,frag,role,semantic_transfer,kl_from_A,kl_from_B,p_B,p_A,argmax_is_B,mean_cos_finalpos,mean_distimprove_finalpos
8,20, blue,fact_value,27.5423526763916,12.573045475730513,7.994953964343997e-07,0.9999115051047934,3.463398884843091e-06,True,0.7775702476501465,0.5366364121437073
7,20, blue,fact_value,27.487258911132812,12.517952818596836,3.5737036288789384e-07,0.9999091924316205,3.65955624647772e-06,True,0.7749195098876953,0.5361983180046082
4,20, blue,fact_value,27.478708267211914,12.509405444161846,3.450669426217158e-08,0.9999022660626461,3.6909564050514056e-06,True,0.7976557016372681,0.57682865858078
2,20, blue,fact_value,27.47179412841797,12.502491047385904,7.825647674454438e-08,0.9999048617012735,3.716574265069384e-06,True,0.8730458617210388,0.6475270986557007
9,20, blue,fact_value,27.46969985961914,12.500395046163229,2.993581290227926e-07,0.9999083809114552,3.7243790347338734e-06,True,0.7596191167831421,0.5267331600189209
3,20, blue,fact_value,27.46326446533203,12.493962297871724,1.0265976334317824e-07,0.999900792169047,3.7483957208415625e-06,True,0.801722526550293,0.5825886130332947
11,20, blue,fact_value,27.44420623779297,12.4748978895456,9.091646701722893e-07,0.999914021993501,3.820569133161411e-06,True,0.7596814036369324,0.5137555599212646
27,42,"
",assistant_prefix,27.43707275390625,12.467770187487888,0.0,0.999903342753219,3.847879444537917e-06,True,0.0,0.0
0,20, blue,fact_value,27.433645248413086,12.464342356230615,1.8703983040582236e-08,0.9999044651551648,3.861095034478104e-06,True,0.93959641456604,0.7498047351837158
1,20, blue,fact_value,27.427783966064453,12.458481443095296,1.5884003038225514e-08,0.9999041454859119,3.883791214019433e-06,True,0.8839805126190186,0.6608401536941528
5,20, blue,fact_value,27.412124633789062,12.442821675191615,9.139133735123662e-08,0.9999024729342764,3.9450808687786615e-06,True,0.7929726839065552,0.5666642189025879
6,20, blue,fact_value,27.408405303955078,12.439103517042085,8.432181485190345e-08,0.9999013923542758,3.95977696730413e-06,True,0.7995065450668335,0.5673743486404419
10,20, blue,fact_value,27.386598587036133,12.417291547719017,4.0750717959389393e-07,0.9999109407133439,4.047113732710037e-06,True,0.7284187078475952,0.5062606930732727
12,20, blue,fact_value,27.294710159301758,12.325400407754097,1.150349892507239e-06,0.9999112439713059,4.436619441914983e-06,True,0.7537633180618286,0.5217326879501343
13,20, blue,fact_value,27.116792678833008,12.147483003715536,2.1330352385141328e-06,0.999915225974198,5.300568941782935e-06,True,0.7547937631607056,0.5233243703842163
14,20, blue,fact_value,27.095521926879883,12.126213936911935,1.8068126858892319e-06,0.999913467144611,5.414514159962261e-06,True,0.7990702390670776,0.5577360391616821
15,20, blue,fact_value,27.045448303222656,12.076139371589226,2.5793817343503674e-06,0.9999146676677306,5.692548162189711e-06,True,0.8201662302017212,0.5770871639251709
18,20, blue,fact_value,26.942262649536133,11.972945292383743,8.510542297213266e-06,0.9999270468204121,6.311390478548425e-06,True,0.852100670337677,0.631836473941803
16,20, blue,fact_value,26.933883666992188,11.964571795364277,5.269468659725779e-06,0.9999202474739114,6.364452404717472e-06,True,0.7695756554603577,0.5436503887176514
17,20, blue,fact_value,26.926057815551758,11.95674199235982,7.697678221143405e-06,0.9999264658302441,6.414494955785103e-06,True,0.7903978824615479,0.5757297277450562
19,20, blue,fact_value,26.86256980895996,11.893253496045785,9.5285448089379e-06,0.9999265783099502,6.83494474084682e-06,True,0.9154783487319946,0.6922814846038818
20,20, blue,fact_value,26.286378860473633,11.317078026485412,1.565428568515132e-05,0.9999174618305532,1.2160952653754606e-05,True,0.9455113410949707,0.7127549648284912
21,20, blue,fact_value,25.3900146484375,10.420748442535695,3.4134887223769207e-05,0.9998908024810683,2.9801769377611874e-05,True,0.9282416701316833,0.6281389594078064
26,42,"
",assistant_prefix,22.929075241088867,7.960194126872802,0.00033916242542712636,0.9995349104506205,0.00034902766204289795,True,0.9736852645874023,0.7718511819839478
23,42,"
",assistant_prefix,20.256649017333984,5.2924852167526835,0.005021758632605476,0.9948679198972404,0.005028602074960373,True,0.9625194072723389,0.7344989776611328
24,42,"
",assistant_prefix,20.250356674194336,5.286244592293999,0.005071816735351177,0.994808907619375,0.005060043361185761,True,0.9662256240844727,0.751248836517334
25,42,"
",assistant_prefix,19.245393753051758,4.29013884851282,0.013901447393496297,0.9860365042068358,0.013701162512741298,True,0.9613111019134521,0.7267324328422546
22,20, blue,fact_value,16.166488647460938,1.4620724647568235,0.2647100241793282,0.7672983863712465,0.23172890361515355,True,0.8240159153938293,0.35365912318229675
22,42,"
",assistant_prefix,9.586841583251953,0.004687910307074276,5.386832979640322,0.004575253173748277,0.9952575155385395,False,0.843575656414032,0.4003680646419525
25,20, blue,fact_value,7.547023773193359,0.0007197075075893822,7.422660068646366,0.0005973887556216832,0.9992151212234988,False,0.26679807901382446,0.03440132737159729
24,20, blue,fact_value,7.139469146728516,0.0004323164631728822,7.829923715766054,0.0003975468950678832,0.9995143762010765,False,-0.0049744099378585815,-0.01475096307694912
23,20, blue,fact_value,6.510080337524414,0.00022885999009370002,8.459099535185564,0.0002119040404020765,0.9997237360571734,False,-0.16857387125492096,-0.043351978063583374
26,20, blue,fact_value,3.572633743286133,2.317860099284819e-05,11.396280423506576,1.123343133384629e-05,0.9999310346522517,False,0.16379386186599731,0.012202574871480465
21,42,"
",assistant_prefix,1.2706298828125,1.6958584049665565e-06,13.698197608965678,1.1240313322200711e-06,0.9999622474505001,False,0.4575548768043518,0.0971505343914032
23,41,assistant,chat_template,0.2931652069091797,6.242434533044079e-08,14.675668506533409,4.2293563748529647e-07,0.9999700276086341,False,0.25385820865631104,0.009623982943594456
24,41,assistant,chat_template,0.2884368896484375,3.6914777578799816e-08,14.68039925089121,4.20940768471684e-07,0.999970465950265,False,0.1793205440044403,0.005364308133721352
20,42,"
",assistant_prefix,0.2870941162109375,1.5686255954216724e-06,14.681712053503823,4.2037260684744527e-07,0.9999625854785098,False,0.2092008739709854,0.04000915214419365
25,41,assistant,chat_template,0.2779521942138672,3.7374852481706e-08,14.690883728525211,4.16550420448823e-07,0.9999705418448417,False,0.27623632550239563,0.0078926682472229
22,41,assistant,chat_template,0.16575050354003906,1.3513691126656087e-08,14.803079817515906,3.72339428645176e-07,0.9999706015817138,False,0.16680844128131866,0.005121130961924791
26,41,assistant,chat_template,0.15821266174316406,2.240663728980572e-08,14.810620231958191,3.6954340913126903e-07,0.9999707767505346,False,0.29502493143081665,0.008650774136185646
8,21,.,content,0.14979171752929688,1.6945929089553769e-06,14.8190379141496,3.664416529532633e-07,0.9999628149863972,False,0.27875518798828125,0.04966244474053383
23,37,.,content,0.13323211669921875,1.6876166222483535e-08,14.835596795958901,3.6042623620240933e-07,0.9999704281211844,False,0.2275669276714325,0.004749994724988937
21,37,.,content,0.13179779052734375,2.2571377103266013e-07,14.83702725591905,3.5991060435102524e-07,0.9999731130448991,False,0.18036699295043945,0.009345286525785923
7,21,.,content,0.1297130584716797,1.0763100987877196e-06,14.839115451790132,3.5915809219863326e-07,0.9999648257875109,False,0.3139928877353668,0.059177376329898834
9,21,.,content,0.12408638000488281,5.980726816852745e-07,14.844746459875239,3.571436993126132e-07,0.9999670642556301,False,0.23684020340442657,0.03189774975180626
22,37,.,content,0.12035369873046875,2.844801029969761e-08,14.84847381451201,3.5581464011986935e-07,0.9999714469555356,False,0.18253928422927856,0.004492869600653648
25,37,.,content,0.10906600952148438,1.4542334280469162e-08,14.859763108220696,3.518205254184805e-07,0.999970389360991,False,0.20274144411087036,0.003250769805163145
15,42,"
",assistant_prefix,0.09900665283203125,5.976438267840865e-07,14.869809438531137,3.4829756560339644e-07,0.9999657595790967,False,0.3174239695072174,0.10792410373687744
24,37,.,content,0.0844268798828125,3.865133694869858e-09,14.884401936233166,3.4325806856061077e-07,0.9999708951245592,False,0.03860047459602356,0.0010397331789135933
26,37,.,content,0.07757759094238281,1.1272691686845178e-08,14.891250601375445,3.4091487302643626e-07,0.9999704402389178,False,0.16113412380218506,0.0025259500835090876
20,37,.,content,0.07032585144042969,1.3495606095151858e-07,14.898495616422087,3.384519796568878e-07,0.9999715929308366,False,0.11086589097976685,0.0037269354797899723
14,35, lowercase,content,0.06521034240722656,2.7440327225689422e-08,14.903610571231246,3.3672467134499267e-07,0.9999704793236462,False,0.1284048706293106,0.009143047966063023
13,35, lowercase,content,0.059783935546875,2.7682795953409523e-08,14.909036819741413,3.349024779655172e-07,0.9999706676214016,False,0.13388888537883759,0.00930739101022482
13,22, Question,content,0.057098388671875,2.3261143793795308e-07,14.91172615163697,3.340034424210524e-07,0.9999681352538661,False,0.16298794746398926,0.0115936528891325
11,35, lowercase,content,0.055145263671875,3.22258247115588e-08,14.913675084504037,3.333525729257719e-07,0.9999706680285982,False,0.10144534707069397,0.007198010571300983
12,35, lowercase,content,0.05473899841308594,3.1261023203423805e-08,14.914081635089214,3.332172233716355e-07,0.9999708256050873,False,0.11298483610153198,0.007805045694112778
19,35, lowercase,content,0.04961967468261719,1.8133869387271715e-08,14.919204042120496,3.3151598689123276e-07,0.9999715839450533,False,0.09060552716255188,0.007032257504761219
14,42,"
",assistant_prefix,0.04871368408203125,1.0318911802819065e-07,14.92011420859614,3.3121513196907805e-07,0.9999696500030024,False,0.13909971714019775,0.02177366428077221
18,35, lowercase,content,0.0475921630859375,1.108516905948828e-08,14.921231434954475,3.308444478912583e-07,0.9999713801382208,False,0.07819249480962753,0.005696134176105261
14,22, Question,content,0.042255401611328125,1.3140971560673148e-07,14.92657051092718,3.2908275645685815e-07,0.9999690812284652,False,0.09417842328548431,0.002904031192883849
6,21,.,content,0.03997802734375,1.0057079794012927e-08,14.928848271853068,3.2833471348638207e-07,0.9999707529355263,False,0.3021796941757202,0.03588183969259262
11,21,.,content,0.038791656494140625,3.048802973327543e-07,14.93004080257661,3.279447043799788e-07,0.9999685778089988,False,0.23977769911289215,0.03785291686654091
17,35, lowercase,content,0.038433074951171875,1.3416318576222926e-08,14.930390359010689,3.2782807141114406e-07,0.9999714477317551,False,0.07058002799749374,0.005129081197082996
10,30,?,question_end,0.03837776184082031,2.0956016987402096e-07,14.930442091570274,3.278088014156433e-07,0.9999679784219643,False,0.20904043316841125,0.026250915601849556
16,35, lowercase,content,0.038055419921875,8.81365260123848e-09,14.93076770656903,3.2770420852426503e-07,0.9999712025726404,False,0.05733535811305046,0.003943099174648523
1,21,.,content,0.0331573486328125,2.9275392428932162e-08,14.935666906519453,3.261026199616523e-07,0.9999699926527188,False,0.25028568506240845,0.03192836046218872
10,21,.,content,0.029541015625,4.764773753511592e-07,14.939290204663845,3.2492461886481603e-07,0.9999674222229022,False,0.21482637524604797,0.03131156787276268
15,36, word,content,0.029069900512695312,1.1081494776358441e-07,14.939754990378658,3.247721663095644e-07,0.9999692335609992,False,0.08170612901449203,0.005462455563247204
2,23,:,content,0.027486801147460938,4.0196790870054494e-08,14.941339409478447,3.2425873046722355e-07,0.9999701710870564,False,0.2245609164237976,0.02421071007847786
10,35, lowercase,content,0.027261734008789062,1.360544151500864e-07,14.941555974137465,3.241862265539858e-07,0.9999716142268855,False,0.14137744903564453,0.0075442977249622345
13,42,"
",assistant_prefix,0.026727676391601562,1.6403026015250897e-08,14.942101350270965,3.2401325521276594e-07,0.9999719739517424,False,0.17602771520614624,0.04443188011646271
11,22, Question,content,0.026409149169921875,2.2853629637531122e-08,14.942415365856267,3.2390947093871773e-07,0.9999701411873867,False,0.0737924799323082,0.003165606642141938
12,22, Question,content,0.024684906005859375,2.2749424406473063e-08,14.94413948378915,3.233514502002805e-07,0.9999701310916989,False,0.07756005972623825,0.0033328873105347157
9,31, Reply,content,0.024385452270507812,2.346278713856748e-08,14.944440258141647,3.2325470883815405e-07,0.9999703567307302,False,0.06945020705461502,0.0009780969703570008
15,35, lowercase,content,0.023538589477539062,9.156185696393921e-08,14.945283234477063,3.2298168946398896e-07,0.9999722674014191,False,0.11673867702484131,0.008590778335928917
3,23,:,content,0.023529052734375,5.221924794689671e-08,14.94529487807228,3.229777869671793e-07,0.9999697214270133,False,0.18559527397155762,0.02132095955312252
7,31, Reply,content,0.023519515991210938,2.994587305811273e-08,14.945305318363586,3.229748382899792e-07,0.999970128456825,False,0.060180407017469406,0.0006957845180295408
8,31, Reply,content,0.023050308227539062,2.391717763857305e-08,14.94577427343186,3.228233559150758e-07,0.999970203975258,False,0.06426405906677246,0.0005426045972853899
11,30,?,question_end,0.022289276123046875,1.2768467781716152e-07,14.946528648928755,3.225773110245744e-07,0.9999687798227195,False,0.23305751383304596,0.034470174461603165
10,31, Reply,content,0.021636962890625,1.0444025578031455e-08,14.947188781188574,3.2236756198676404e-07,0.99997065277017,False,0.10166696459054947,0.0015630503185093403
5,21,.,content,0.019243240356445312,8.9833188004147e-09,14.94958247938904,3.2159685792036726e-07,0.99997075102489,False,0.24851945042610168,0.022128110751509666
13,24, what,content,0.01840972900390625,5.621709619824212e-09,14.950415485972142,3.2132917169991586e-07,0.9999715499626365,False,0.1855512112379074,0.01267168391495943
15,22, Question,content,0.018354415893554688,1.3316626738906805e-08,14.950471743977548,3.2131109639599025e-07,0.9999706098436426,False,0.05972668528556824,2.738647162914276e-05
4,23,:,content,0.018247604370117188,2.914898560634998e-08,14.950575792599873,3.2127658893375677e-07,0.9999700198172929,False,0.18164245784282684,0.017532283440232277
0,22, Question,content,0.018062591552734375,2.3237468016642032e-08,14.950763205150855,3.2121725747604016e-07,0.9999703414931246,False,0.17629817128181458,0.020149728283286095
14,24, what,content,0.017421722412109375,1.776151394265887e-08,14.951403026342689,3.2101192695170307e-07,0.9999717798832358,False,0.20540858805179596,0.012967430986464024
18,29,ax,content,0.017293930053710938,4.960922747712713e-09,14.951531193077527,3.209707868701851e-07,0.9999714065534165,False,0.1498509794473648,0.004015577491372824
6,24, what,content,0.017198562622070312,7.3337642038519855e-09,14.951624653511953,3.2093993622625107e-07,0.9999706527151113,False,0.0949879065155983,0.00438650930300355
6,29,ax,content,0.017032623291015625,9.44523594180519e-09,14.951795448449028,3.208868743734419e-07,0.9999712457016936,False,0.08477798104286194,0.0010537969646975398
12,31, Reply,content,0.016941070556640625,5.339503814502964e-09,14.951884514255932,3.2085735366500886e-07,0.9999707969719609,False,0.1363380253314972,0.002526260679587722
20,35, lowercase,content,0.01659393310546875,1.4587546371214294e-09,14.952231213784273,3.207461440225238e-07,0.9999712728216248,False,0.028856579214334488,0.00017740165640134364
10,22, Question,content,0.016387939453125,2.1224503215266773e-08,14.95243654364342,3.206797295447871e-07,0.9999701826300641,False,0.05035487562417984,0.001106743235141039
0,25, color,relation,0.016307830810546875,1.280962644377388e-08,14.952515907250904,3.2065410394910514e-07,0.9999703778290729,False,-0.06523342430591583,-0.010377170518040657
2,25, color,relation,0.01622772216796875,3.9085619707326156e-08,14.95259579382498,3.2062823287061527e-07,0.9999698010340943,False,0.02329149655997753,-0.0009390581981278956
4,24, what,content,0.01613616943359375,8.117242151261653e-09,14.952688932840799,3.2059914392709504e-07,0.9999706247931945,False,0.11204139143228531,0.0038191741332411766
17,29,ax,content,0.015699386596679688,6.838878515499456e-09,14.953125683720215,3.2045941785223034e-07,0.9999714846321618,False,0.20980167388916016,0.007156129460781813
7,33, exactly,content,0.015565872192382812,1.178160322148599e-09,14.953259418067573,3.2041658958314266e-07,0.9999713436417712,False,0.05539996176958084,0.0008759582415223122
8,24, what,content,0.015386581420898438,2.4580719338510184e-09,14.953437568351571,3.2035903831360325e-07,0.9999710044022018,False,0.11808811873197556,0.004649247042834759
9,37,.,content,0.015247344970703125,2.10170568907731e-08,14.953577459896795,3.2031420161198414e-07,0.9999702734180712,False,0.10151813179254532,0.008401905186474323
18,21,.,content,0.015247344970703125,1.3509231030107044e-07,14.953576868297015,3.2031371426656753e-07,0.9999687520027636,False,0.048662278801202774,0.002179746748879552
6,33, exactly,content,0.01520538330078125,2.7153161902133488e-09,14.95361921462119,3.2030109649904284e-07,0.9999713209144468,False,0.04123465716838837,0.0006858365377411246
23,25, color,relation,0.014940261840820312,5.75498641735689e-10,14.953885841803062,3.2021612841631217e-07,0.9999711315344221,False,0.1271573156118393,0.0005896269576624036
19,21,.,content,0.01490020751953125,1.2455308397409038e-07,14.953924111758473,3.2020257053264563e-07,0.9999688452378651,False,0.04342634975910187,0.002177304122596979
11,31, Reply,content,0.01486968994140625,4.338986270227871e-09,14.953956068598186,3.201934508839969e-07,0.9999708814763384,False,0.11861960589885712,0.0019469320541247725
1,25, color,relation,0.014429092407226562,1.014328361803801e-08,14.954394376534248,3.2005227602835327e-07,0.9999704769133541,False,-0.03254202380776405,-0.0049126329831779
16,22, Question,content,0.014402389526367188,8.071541568773749e-09,14.954423194532621,3.200437847301402e-07,0.9999706484644635,False,0.05856740474700928,0.00020182758453302085
3,35, lowercase,content,0.01434326171875,3.894088426223697e-08,14.954482784949455,3.2002540284491996e-07,0.9999723390418385,False,0.17484252154827118,0.014803800731897354
8,33, exactly,content,0.014295578002929688,9.383537492815286e-10,14.954529586484947,3.2000981558095516e-07,0.9999713152669186,False,0.06556887179613113,0.0011867070570588112
5,42,"
",assistant_prefix,0.0139617919921875,1.0090809275754477e-08,14.954862376748714,3.199027451142157e-07,0.9999704603709122,False,0.2724955677986145,0.09254080057144165
4,22, Question,content,0.013891220092773438,9.40950789162955e-09,14.954934243351515,3.1988021699973607e-07,0.9999706080258098,False,-0.003989315126091242,-0.001248881220817566
8,37,.,content,0.0138397216796875,9.354091268837583e-09,14.954986096664213,3.198637694456569e-07,0.9999706872613013,False,0.10023189336061478,0.006009172182530165
7,37,.,content,0.013814926147460938,1.0275702409000526e-08,14.95501053683198,3.198558138321514e-07,0.9999706106057938,False,0.11252713203430176,0.006218216847628355
9,33, exactly,content,0.013475418090820312,1.3616834544723332e-09,14.955349434744496,3.197474580549933e-07,0.9999712968041617,False,0.05800481140613556,0.0009896444389596581
17,22, Question,content,0.013441085815429688,3.156458597633885e-09,14.955384048855587,3.197363209539081e-07,0.9999707975581612,False,0.08394210785627365,0.0003341980918776244
4,42,"
",assistant_prefix,0.013284683227539062,8.238596757737151e-09,14.95553981502604,3.1968623498560417e-07,0.9999705401548543,False,0.25375860929489136,0.07350549101829529
11,37,.,content,0.01324462890625,1.698006549298807e-09,14.955582069623512,3.1967368261956936e-07,0.9999713290388785,False,0.030715573579072952,0.00016661295376252383
4,33, exactly,content,0.013141632080078125,2.154257009057579e-09,14.95568341714534,3.196407704805441e-07,0.9999713651413399,False,0.12045253068208694,0.005268575623631477
17,37,.,content,0.013088226318359375,1.0200237037672237e-08,14.955735316387514,3.196234255840718e-07,0.9999705057382052,False,0.08448105305433273,0.0039741224609315395
2,24, what,content,0.013082504272460938,6.237654276039152e-09,14.955742937507216,3.1962166354926365e-07,0.9999707149164935,False,0.08547152578830719,0.001572118024341762
5,24, what,content,0.013065338134765625,6.298149057177752e-09,14.955757955681799,3.1961630622083953e-07,0.9999711194335166,False,0.06433597207069397,0.0018127344083040953
15,37,.,content,0.012731552124023438,3.032500392810378e-09,14.956092048020729,3.1950959502078073e-07,0.9999709768723637,False,0.08490966260433197,0.003517255187034607
9,35, lowercase,content,0.012475967407226562,2.0409406182039539e-07,14.95634253050414,3.194284055014903e-07,0.9999724225874668,False,0.17813609540462494,0.023991696536540985
21,41,assistant,chat_template,0.012300491333007812,5.847778517762618e-08,14.956525377211486,3.1937237279220345e-07,0.9999724677238039,False,0.051106568425893784,0.001343392999842763
20,41,assistant,chat_template,0.012159347534179688,8.979272963852571e-10,14.956666040314634,3.1932685912110155e-07,0.9999710916744668,False,-0.001135258818976581,-6.153759022708982e-05
3,24, what,content,0.011995315551757812,1.465802626901434e-09,14.956830154677492,3.192744452346023e-07,0.9999709715164277,False,0.06565302610397339,0.0007619119132868946
10,42,"
",assistant_prefix,0.011606216430664062,2.475531545662813e-08,14.957221984398588,3.191501793429741e-07,0.9999707814821636,False,0.2004029005765915,0.05261640250682831
1,23,:,content,0.011470794677734375,1.0313131058497977e-09,14.957354192439956,3.1910708890980717e-07,0.9999711779434198,False,0.2093997597694397,0.02584797330200672
5,33, exactly,content,0.011240005493164062,2.6616000356394564e-09,14.95758508014666,3.1903352379738653e-07,0.9999714062974353,False,0.03241189569234848,0.000583701184950769
8,22, Question,content,0.011190414428710938,2.3100745939530023e-09,14.957634114084192,3.1901755009902584e-07,0.999970927094446,False,0.041619669646024704,0.0010196325602009892
18,22, Question,content,0.0111541748046875,2.108898382783681e-10,14.95767122738366,3.1900603520802596e-07,0.9999710712116596,False,0.055364105850458145,0.00010243569704471156
21,24, what,content,0.011041641235351562,6.285177794752391e-10,14.957784149436707,3.189701919314708e-07,0.9999712392206056,False,0.007440892979502678,4.109464862267487e-05
20,30,?,question_end,0.01099395751953125,3.570063100587911e-09,14.957831034940943,3.1895502284496713e-07,0.9999713653628737,False,0.10217343270778656,0.0008542566210962832
23,24, what,content,0.01097869873046875,4.710860818782508e-10,14.95784706779528,3.189501035475314e-07,0.9999712008680484,False,0.0408952496945858,0.00010959479550365359
6,31, Reply,content,0.01096343994140625,1.948518842406597e-09,14.957861674784033,3.1894514387725555e-07,0.9999709095566628,False,0.07105554640293121,0.0021260110661387444
19,29,ax,content,0.010915756225585938,9.366373837218695e-09,14.95790952029183,3.1893016822849967e-07,0.9999716384675147,False,0.15135839581489563,0.004122991114854813
26,27, the,content,0.010684967041015625,1.110075367949357e-10,14.958141044810839,3.188564269712949e-07,0.9999711865003633,False,0.07754985988140106,0.00027334518381394446
13,27, the,content,0.0104827880859375,1.9951163269191806e-08,14.958343071896417,3.1879173954574636e-07,0.9999704716888824,False,0.033427584916353226,0.0003536444855853915
10,37,.,content,0.010473251342773438,4.109707735169656e-09,14.95835110275062,3.1878878439419955e-07,0.9999707385314258,False,0.0712035596370697,0.004973360802978277
22,24, what,content,0.010448455810546875,6.65113610787411e-10,14.958377300542612,3.187810454971549e-07,0.9999712578150499,False,-0.029314199462532997,-6.433777343772817e-06
6,42,"
",assistant_prefix,0.009969711303710938,4.968467328377282e-09,14.958854666785912,3.186282786500849e-07,0.9999706656108358,False,0.2434568852186203,0.0694122239947319
7,42,"
",assistant_prefix,0.00991058349609375,9.162168784613318e-09,14.958914530672635,3.1860940233055955e-07,0.9999705492180414,False,0.2410871982574463,0.07696035504341125
3,33, exactly,content,0.009878158569335938,1.8166262050104823e-10,14.958946938533277,3.1859927911111874e-07,0.9999712004864052,False,0.1286258101463318,0.005440855398774147
15,29,ax,content,0.009700775146484375,5.717450726415598e-09,14.959125430727658,3.185428962385461e-07,0.9999715971125407,False,0.18631672859191895,0.009130192920565605
5,29,ax,content,0.00963592529296875,9.10601968925624e-09,14.959192046415417,3.1852220567311016e-07,0.9999714910787535,False,0.05452147126197815,0.00020277909061405808
3,22, Question,content,0.00948333740234375,1.5153446590849963e-08,14.959341995024348,3.184732869013258e-07,0.9999704867911892,False,0.022397298365831375,-0.0007013465510681272
6,22, Question,content,0.009340286254882812,1.5132803792733421e-09,14.959485168889357,3.1842787122052194e-07,0.9999709233920289,False,0.03133345767855644,0.003973307088017464
16,37,.,content,0.009164810180664062,2.3518283672766937e-08,14.95965862344739,3.1837175991593133e-07,0.9999701704141869,False,0.04218175262212753,0.0021734233014285564
16,29,ax,content,0.009016036987304688,2.0590683969779584e-09,14.959809251659314,3.1832476208697337e-07,0.9999713133376598,False,0.2486821413040161,0.012556301429867744
5,22, Question,content,0.00894927978515625,3.5708618412653594e-09,14.959876036745943,3.183033490923567e-07,0.999970800529189,False,0.012914566323161125,0.0018352161860093474
5,31, Reply,content,0.008920669555664062,1.353153090926905e-09,14.95990481773774,3.182943071290975e-07,0.9999710036005579,False,0.05715462565422058,0.0014703612541779876
26,26, is,content,0.008892059326171875,1.29225997925231e-10,14.959933687860076,3.182852571601723e-07,0.999971180713238,False,0.08727231621742249,0.0003636781475506723
10,24, what,content,0.008838653564453125,6.717437320768171e-09,14.959986291710683,3.1826839366234763e-07,0.9999716027189152,False,0.13504770398139954,0.009101894684135914
24,24, what,content,0.008617401123046875,4.704960511366495e-10,14.960208273662552,3.181978677493048e-07,0.9999712380400106,False,-0.005171219352632761,-2.233074337709695e-05
12,37,.,content,0.008533477783203125,2.8381077417407885e-09,14.960293043149392,3.18171243959508e-07,0.9999714873246753,False,0.01920957677066326,0.0001909142010845244
20,29,ax,content,0.008462905883789062,5.720771119222783e-09,14.960362996550412,3.1814882746319764e-07,0.9999716025518269,False,0.19862721860408783,0.005256480537354946
13,37,.,content,0.008388519287109375,8.036716136662099e-09,14.96043779682634,3.1812519865897004e-07,0.9999717167303416,False,0.01965533196926117,0.0005086804158054292
14,36, word,content,0.008333206176757812,1.3235951080433677e-08,14.960491774755631,3.1810722486302876e-07,0.9999705291520397,False,0.05903240665793419,0.005185170564800501
9,22, Question,content,0.008157730102539062,4.051577354683201e-10,14.960667859926753,3.180516163122546e-07,0.9999711792131846,False,0.046725980937480927,0.0036036940291523933
26,24, what,content,0.008098602294921875,5.745827414283071e-10,14.96072710938069,3.1803281342537543e-07,0.9999711862938337,False,0.01863386109471321,7.500861829612404e-05
17,21,.,content,0.00806427001953125,1.9946594473288682e-07,14.960759103208767,3.180209360405071e-07,0.9999681715500195,False,0.040435440838336945,0.0023389384150505066
7,24, what,content,0.008037567138671875,2.0824201042216167e-09,14.960786482532548,3.18013331870209e-07,0.9999709631490495,False,0.10278405994176865,0.004571156110614538
2,26, is,content,0.007953643798828125,7.884028670482888e-09,14.960872166583611,3.179865799786167e-07,0.9999707610378143,False,0.05929267778992653,0.0009385649464093149
10,27, the,content,0.007900238037109375,1.2218860140267922e-08,14.960925273189606,3.179695493616903e-07,0.9999706077104222,False,0.030062826350331306,-0.0007320690783672035
10,39,"
",content,0.0078067779541015625,1.1022436478599566e-09,14.961018358460079,3.179399419146616e-07,0.9999709493524225,False,0.08178097754716873,0.0016826123464852571
7,26, is,content,0.007747650146484375,1.695753731388602e-08,14.961078946051535,3.179210598089851e-07,0.999970686497011,False,0.08476722240447998,0.004433689173310995
3,42,"
",assistant_prefix,0.0077266693115234375,4.169565138910694e-09,14.961097547343291,3.1791439890241353e-07,0.9999707156635732,False,0.27521654963493347,0.08906719088554382
4,31, Reply,content,0.0075969696044921875,1.1581315248164942e-09,14.961228982189482,3.1787328413310014e-07,0.9999710804563161,False,0.01113065704703331,-5.112191502121277e-05
4,29,ax,content,0.007572174072265625,4.107732092137621e-09,14.961254746865604,3.178654962162118e-07,0.9999713756125108,False,0.09949331730604172,0.0023454201873391867
9,23,:,content,0.007564544677734375,1.076544858612349e-08,14.961262051237238,3.1786288771528667e-07,0.9999707986859512,False,0.04748164489865303,0.0033595163840800524
25,27, the,content,0.007564544677734375,4.5754594172107484e-10,14.961261450681347,3.178630420001352e-07,0.9999712840535382,False,0.09546642750501633,0.0003589100670069456
4,35, lowercase,content,0.007465362548828125,2.7467995080966966e-08,14.961359964796976,3.178317783130177e-07,0.9999721054800016,False,0.19936715066432953,0.02553258277475834
2,42,"
",assistant_prefix,0.0074405670166015625,4.438740637304624e-09,14.961384105227184,3.178234541556109e-07,0.9999707102588041,False,0.2296943962574005,0.05049648508429527
10,33, exactly,content,0.0073337554931640625,1.1936437223022091e-10,14.961491342683752,3.177896334242065e-07,0.9999711025290057,False,0.03788268566131592,0.0006608713301829994
1,22, Question,content,0.0072002410888671875,9.02787559562373e-09,14.961625078509375,3.177470627662302e-07,0.9999706493619543,False,0.08561719954013824,0.012049559503793716
11,27, the,content,0.0071048736572265625,1.993600521121465e-08,14.961720881910832,3.1771670924393743e-07,0.9999704849250131,False,0.0024172263219952583,-0.0005587647319771349
26,23,:,content,0.007045745849609375,1.0976430862434463e-10,14.961779609725788,3.1769812372867657e-07,0.9999711138744451,False,0.06864467263221741,0.00014803753583692014
9,30,?,question_end,0.00693511962890625,6.988669248741246e-08,14.961885925465443,3.176624235260452e-07,0.9999693623711526,False,0.14367005228996277,0.01356949657201767
23,30,?,question_end,0.0068607330322265625,2.2111083394726127e-10,14.96196446544436,3.1763933795912077e-07,0.9999710730065249,False,0.05873982608318329,0.0002788111742120236
26,21,.,content,0.0067768096923828125,9.568283372020716e-11,14.962048440426953,3.176127032611323e-07,0.9999711408153417,False,0.049633897840976715,9.781182598089799e-05
25,24, what,content,0.0066776275634765625,6.88841119884618e-10,14.962148125088756,3.175812391040971e-07,0.9999712534916182,False,-0.005870074033737183,-2.2161202650750056e-05
7,35, lowercase,content,0.00665283203125,2.088850228113791e-07,14.962166286689373,3.175737864537526e-07,0.9999725818012246,False,0.16419796645641327,0.020513374358415604
5,23,:,content,0.00658416748046875,2.3787681132661657e-08,14.962238677396122,3.175512004430744e-07,0.9999701233800309,False,0.10693099349737167,0.004248247016221285
25,21,.,content,0.00653839111328125,9.638005345195839e-11,14.962286839364772,3.175369844916086e-07,0.9999711312844862,False,0.07039414346218109,0.0001424082147423178
8,26, is,content,0.0065135955810546875,3.413546501688833e-08,14.96231309841219,3.175288904481571e-07,0.9999704364311486,False,0.09214463829994202,0.00532103143632412
3,30,?,question_end,0.0063724517822265625,4.866508485159063e-09,14.962452382113065,3.1748416572429944e-07,0.9999707178457296,False,0.17567913234233856,0.006073457654565573
12,24, what,content,0.00630950927734375,1.5503706901999446e-08,14.962515720604548,3.1746456950139574e-07,0.9999719349453854,False,0.14018851518630981,0.010484563186764717
16,21,.,content,0.0063076019287109375,7.7092175080147e-08,14.96251608710418,3.174631151094344e-07,0.9999692610888271,False,0.06027954816818237,0.004542272537946701
19,22, Question,content,0.0062103271484375,8.406866413092491e-11,14.962614987625814,3.174328401894555e-07,0.9999711661072901,False,0.044113218784332275,1.4515535440295935e-05
25,26, is,content,0.0057888031005859375,3.126988158933e-10,14.963036997433411,3.1729909609644547e-07,0.9999712710069885,False,0.11413122713565826,0.0005462394328787923
15,21,.,content,0.0057086944580078125,3.941879883261563e-07,14.963114727109721,3.1727229994471237e-07,0.9999669254516369,False,0.19956442713737488,0.031655557453632355
15,27, the,content,0.0057086944580078125,1.191427296108094e-09,14.963116799685114,3.1727359755685974e-07,0.9999710152168937,False,0.05181536078453064,0.0007006359519436955
2,22, Question,content,0.00566864013671875,1.1753402343993877e-08,14.963155801050501,3.172607110404346e-07,0.9999704523137858,False,0.050475869327783585,0.00400475924834609
12,41,assistant,chat_template,0.00565338134765625,1.0762162045318972e-09,14.963171865098168,3.1725614688168535e-07,0.9999713248284702,False,0.009507318027317524,0.00022910290863364935
1,35, lowercase,content,0.0056514739990234375,1.0571514730393027e-08,14.963176155843579,3.172554814617181e-07,0.9999711347585446,False,0.13313063979148865,0.00892191007733345
25,23,:,content,0.0055980682373046875,1.1069219716259047e-10,14.963227118608327,3.172385290674805e-07,0.9999711045738758,False,0.07451396435499191,0.00018466761684976518
18,36, word,content,0.0055942535400390625,5.6834413524936505e-09,14.963231065233986,3.1723720829649016e-07,0.9999707559353428,False,-0.030408263206481934,-0.0004799520247615874
0,21,.,content,0.005496978759765625,3.898168409029977e-10,14.963328677672768,3.172065188015882e-07,0.9999712861234987,False,0.10558610409498215,0.0064232503063976765
12,27, the,content,0.005420684814453125,2.1723609884548176e-08,14.96340487937183,3.171820515202921e-07,0.9999704435166551,False,-0.009514445438981056,-0.0005154901882633567
20,24, what,content,0.005420684814453125,9.995497681555526e-10,14.96340506495489,3.171823291240373e-07,0.9999713187097465,False,0.020321011543273926,3.1184616091195494e-05
2,33, exactly,content,0.005401611328125,3.865465633487348e-10,14.963423208232228,3.1717618716118923e-07,0.9999710278775339,False,0.053023561835289,0.0008279506000690162
23,27, the,content,0.0052947998046875,7.132405387078207e-10,14.963531283647326,3.171424042529256e-07,0.9999713222298092,False,0.01746673882007599,7.858598110033199e-05
4,26, is,content,0.005260467529296875,4.332113260768314e-09,14.963565158037342,3.171313743638747e-07,0.9999708749342194,False,0.21250119805335999,0.005840144120156765
3,26, is,content,0.0052127838134765625,1.5961541872802388e-09,14.96361289847375,3.171163053708827e-07,0.9999710409530715,False,0.11144553124904633,0.002163140568882227
12,30,?,question_end,0.0051555633544921875,2.749172019038047e-08,14.963664767326446,3.170979401632236e-07,0.9999703465943419,False,0.1999928504228592,0.030687183141708374
20,25, color,relation,0.0051174163818359375,4.979825589773336e-08,14.963708381835017,3.170865165972618e-07,0.9999724675021161,False,0.17707832157611847,0.011396382004022598
16,42,"
",assistant_prefix,0.0051021575927734375,4.528048947134278e-07,14.963711554926146,3.1707979917577637e-07,0.999966541425272,False,0.3185666501522064,0.14195121824741364
6,39,"
",content,0.00502777099609375,2.8784620809552403e-09,14.963797247793291,3.170575756084884e-07,0.9999708371841337,False,0.13558486104011536,0.0050678374245762825
5,30,?,question_end,0.0050106048583984375,2.2640411242286515e-09,14.963813807901815,3.1705213467366606e-07,0.9999708424590221,False,0.13767407834529877,0.004109549336135387
24,30,?,question_end,0.0049648284912109375,4.224458980840587e-11,14.963860552341831,3.1703771362218683e-07,0.9999711329879096,False,0.09215551614761353,0.00012290439917705953
8,41,assistant,chat_template,0.0049533843994140625,4.35721624058427e-10,14.96387157615055,3.17034049417895e-07,0.999971019387142,False,0.027503954246640205,0.00029360552434809506
14,27, the,content,0.0048580169677734375,9.684791622730178e-10,14.963967485066883,3.170038238903747e-07,0.9999710438462558,False,0.02993335761129856,0.00017165754979941994
0,35, lowercase,content,0.0047245025634765625,8.518704889949751e-09,14.964102006485632,3.1696145036824325e-07,0.9999708805164187,False,0.12803319096565247,0.006204334087669849
5,39,"
",content,0.004711151123046875,1.276007353454279e-09,14.964114157462697,3.1695724877633484e-07,0.9999709760210514,False,0.1354464590549469,0.0047929547727108
14,37,.,content,0.0047054290771484375,1.0273308745441944e-08,14.964120353456574,3.1695567952153724e-07,0.999971747034319,False,-0.004888675641268492,-0.0005775261670351028
19,37,.,content,0.0046558380126953125,7.4344423660914325e-09,14.964167241749518,3.169396233942726e-07,0.9999706795201267,False,-0.06629727780818939,-0.0009245784021914005
7,22, Question,content,0.0046138763427734375,1.5779120199323032e-09,14.964211174652661,3.1692649947060915e-07,0.9999712320398255,False,0.06312855333089828,0.00433705048635602
11,41,assistant,chat_template,0.00447845458984375,1.0347719380316986e-09,14.96434662407887,3.1688360376067975e-07,0.9999712955510539,False,0.007286928594112396,0.00032982102129608393
19,36, word,content,0.0044078826904296875,2.435125694662539e-09,14.964417060191385,3.1686110651974803e-07,0.9999708696601151,False,-0.06915228813886642,-0.0006586852250620723
18,31, Reply,content,0.00438690185546875,1.2614532932811066e-09,14.964438593706657,3.1685449122458647e-07,0.9999709726876342,False,0.03368915617465973,-1.9121824152534828e-05
11,39,"
",content,0.0043468475341796875,3.8446839125869983e-10,14.964478982689682,3.168418968303038e-07,0.9999712780145626,False,0.06162191182374954,0.0007989335572347045
9,39,"
",content,0.004245758056640625,7.081114325812257e-10,14.964579426874701,3.168097830366918e-07,0.9999710064693913,False,0.11912927776575089,0.0047266120091080666
4,30,?,question_end,0.004169464111328125,3.643184843681996e-09,14.964655164374678,3.1678553715528494e-07,0.9999707661398151,False,0.1289507895708084,0.005795274395495653
21,30,?,question_end,0.004146575927734375,6.731906098269352e-09,14.964678368451882,3.167785179329776e-07,0.9999714964092088,False,0.03642631322145462,0.00026616043760441244
1,42,"
",assistant_prefix,0.003993988037109375,9.769399992819116e-10,14.964831241704509,3.1673001873414e-07,0.9999709713065894,False,0.181182861328125,0.032056961208581924
24,27, the,content,0.0038814544677734375,4.5336956417333884e-10,14.96494452351012,3.1669447501876537e-07,0.9999712777089479,False,0.0074920654296875,8.032082405406982e-05
6,30,?,question_end,0.0038661956787109375,6.227242751648316e-09,14.96495832925616,3.166894431833778e-07,0.9999706477788615,False,0.09345144778490067,0.004259179811924696
9,24, what,content,0.0038089752197265625,1.6383998415548189e-09,14.965015358635547,3.166714354270849e-07,0.9999710041017801,False,0.07233048230409622,0.0045550186187028885
7,32, with,content,0.00376129150390625,4.1566841711135955e-09,14.965062684835464,3.166564097601867e-07,0.999971237925247,False,-0.00855073519051075,-0.0016121562803164124
15,34, one,content,0.0037593841552734375,2.0389375922458833e-09,14.965066244066827,3.166557152085262e-07,0.999970951887665,False,-0.017005648463964462,-0.00015046335465740412
9,26, is,content,0.0037136077880859375,2.2451758302069684e-08,14.965112997804463,3.166411291188813e-07,0.9999706642735785,False,0.10887233167886734,0.0054891519248485565
16,31, Reply,content,0.0037136077880859375,1.6295364785681224e-09,14.965111650185005,3.1664120794317303e-07,0.9999709132051678,False,0.028531234711408615,-0.00018844305304810405
21,23,:,content,0.003681182861328125,8.413248320777155e-11,14.965144113679287,3.1663100726256126e-07,0.9999711223413482,False,0.05052622780203819,0.00018011429347097874
2,30,?,question_end,0.003627777099609375,4.889653019953933e-10,14.965197410579558,3.1661406850649745e-07,0.9999710298419073,False,0.15854835510253906,0.008139914833009243
25,33, exactly,content,0.0036163330078125,7.550787224889223e-11,14.9652092271902,3.1661050511965215e-07,0.9999712191949427,False,-0.000632941722869873,-5.4387237469200045e-06
23,38,<|im_end|>,chat_template,0.00357818603515625,1.8002052920057114e-10,14.965247101794578,3.16598386984775e-07,0.9999710908563786,False,0.024745892733335495,1.8084370822180063e-05
12,28, d,content,0.003528594970703125,2.1009299942666665e-09,14.96529676000385,3.1658266319935785e-07,0.9999710159217332,False,0.11650778353214264,0.0027779079973697662
26,25, color,relation,0.003509521484375,8.256878636786706e-10,14.965316519665329,3.16576720418476e-07,0.9999713175670714,False,0.011177226901054382,5.81445092393551e-05
5,26, is,content,0.0034885406494140625,1.3289023857084825e-09,14.96533715576853,3.165700055543666e-07,0.9999710873249311,False,0.1324469894170761,0.00485269958153367
3,21,.,content,0.003482818603515625,9.087180790095429e-10,14.965342247439525,3.1656817892051585e-07,0.9999710392768579,False,0.20344942808151245,0.019772425293922424
12,39,"
",content,0.00344085693359375,2.640009082592766e-11,14.965384317147516,3.1655492888503264e-07,0.9999711448328975,False,0.07221096754074097,0.0009339826065115631
17,27, the,content,0.0032024383544921875,3.193416207960228e-10,14.965622768012256,3.1647943872590915e-07,0.9999710608517096,False,0.11215507984161377,0.001135802362114191
8,42,"
",assistant_prefix,0.0031890869140625,5.899526036307609e-09,14.96563682813863,3.1647512289058434e-07,0.999970775190972,False,0.19839325547218323,0.06094633787870407
3,32, with,content,0.0031795501708984375,7.979959174858296e-09,14.965644935365352,3.1647233645415993e-07,0.9999715072756458,False,0.006178746931254864,-0.001428105402737856
13,39,"
",content,0.003173828125,4.115856099149742e-10,14.965651311289317,3.1647037478755716e-07,0.9999710307754985,False,0.014193389564752579,1.1659078154480085e-05
4,39,"
",content,0.0030918121337890625,2.3045058785950997e-09,14.965733442234958,3.164443810809474e-07,0.9999709070938794,False,0.10069020837545395,0.006762139964848757
8,32, with,content,0.0030612945556640625,5.069587918711253e-09,14.965762875914232,3.164348653777445e-07,0.999971353509661,False,-0.003528001019731164,-0.0014832732267677784
24,38,<|im_end|>,chat_template,0.003021240234375,1.5822061222940584e-10,14.9658040622074,3.164221117179022e-07,0.9999711028077835,False,-0.020256344228982925,6.555384061357472e-06
22,38,<|im_end|>,chat_template,0.002887725830078125,2.550414981426373e-10,14.965937447327796,3.16379863965658e-07,0.9999710912313646,False,-0.08351188153028488,-2.573098572611343e-05
17,31, Reply,content,0.0028705596923828125,5.887817149573177e-10,14.965954949929952,3.1637442028355853e-07,0.9999710510636501,False,0.04190682992339134,0.00010776259296108037
9,41,assistant,chat_template,0.0028057098388671875,7.166030278319914e-11,14.9660193157114,3.16353924411314e-07,0.9999711152219749,False,0.036533378064632416,0.0005618361756205559
22,25, color,relation,0.0027370452880859375,1.002021131397411e-09,14.96608859688285,3.1633227934022765e-07,0.9999713569964533,False,0.04193670675158501,0.00022676170920021832
7,41,assistant,chat_template,0.0027027130126953125,2.0407042941535647e-10,14.966122153102662,3.1632133561780576e-07,0.9999710930259318,False,0.005682128947228193,-0.00048803561367094517
23,26, is,content,0.002681732177734375,2.0593937130355093e-10,14.966143908552953,3.163147486670521e-07,0.9999712500338958,False,0.05147895589470863,0.0001844015932874754
10,41,assistant,chat_template,0.002605438232421875,1.188197698614883e-09,14.966219347075787,3.1629061848648284e-07,0.9999712557215183,False,0.012015912681818008,0.0004443758516572416
11,33, exactly,content,0.0025691986083984375,9.467687030146509e-11,14.966256182323656,3.1627913767369334e-07,0.9999711963851858,False,0.011455211788415909,0.0004997766809538007
3,39,"
",content,0.0025653839111328125,1.5524625293143243e-09,14.966259871798833,3.162778514272927e-07,0.9999709442738762,False,0.07841441035270691,0.005656114779412746
22,23,:,content,0.0025348663330078125,8.562558597410798e-11,14.96629044362046,3.162682741563785e-07,0.999971180192888,False,0.0629090890288353,0.00016192714974749833
20,21,.,content,0.002513885498046875,4.0871272267353803e-08,14.96631104222748,3.1626121784025453e-07,0.999969849645358,False,-0.01187599916011095,-0.00019169022561982274
24,23,:,content,0.0024871826171875,3.990785222012992e-11,14.966338014999597,3.16253193735995e-07,0.9999711804033912,False,0.02746202051639557,5.418554792413488e-05
16,27, the,content,0.0024433135986328125,5.5423205357299e-10,14.966381851274292,3.1623927259905276e-07,0.9999710294966315,False,0.1229623407125473,0.0014239817392081022
4,21,.,content,0.002391815185546875,1.5482405328031276e-09,14.966432660538068,3.1622295411248733e-07,0.9999709248734578,False,0.22910383343696594,0.021461473777890205
22,35, lowercase,content,0.0023326873779296875,4.4666854224120715e-11,14.966492746800538,3.162043364930284e-07,0.9999711759626299,False,0.07168487459421158,0.00011341981735313311
16,36, word,content,0.0023059844970703125,4.472760190185232e-10,14.96651890813197,3.1619585048528817e-07,0.9999710413861762,False,-0.010666408576071262,0.00014251838729251176
13,34, one,content,0.002246856689453125,7.58740427523412e-11,14.96657845917959,3.161771965544083e-07,0.9999711725867386,False,-0.028948094695806503,-0.00014795316383242607
7,39,"
",content,0.0022335052490234375,1.1978322816448396e-09,14.966591523865011,3.1617290668000394e-07,0.9999709559976844,False,0.10343196243047714,0.0036202184855937958
25,30,?,question_end,0.002208709716796875,1.6457235640440195e-11,14.966616622542437,3.1616513184831363e-07,0.9999711607791066,False,0.020285796374082565,2.3296717699849978e-05
17,36, word,content,0.00220489501953125,2.281378420290041e-10,14.966620327175926,3.161639038059642e-07,0.999971091290622,False,-0.04159336909651756,-0.0005594013491645455
23,35, lowercase,content,0.0021457672119140625,3.702651106751886e-11,14.96667965625778,3.1614523904109647e-07,0.9999711822618608,False,0.10697291046380997,0.0001537836651550606
14,39,"
",content,0.00213623046875,2.7045347543346095e-10,14.96668882431263,3.1614218230030346e-07,0.9999710501756794,False,0.013387017883360386,0.00018236797768622637
23,36, word,content,0.0020904541015625,7.0238027749282364e-12,14.966734773414055,3.1612774750043193e-07,0.9999711662947535,False,0.03307129442691803,3.5738819860853255e-05
11,28, d,content,0.002086639404296875,1.2826930887087456e-09,14.966738522530626,3.1612650911067645e-07,0.9999710636160443,False,0.13485196232795715,0.003099720925092697
19,33, exactly,content,0.0020599365234375,2.678118253214156e-10,14.966765621549373,3.16118136073233e-07,0.9999712797896518,False,0.022851696237921715,-1.1528700269991532e-06
21,35, lowercase,content,0.0020084381103515625,5.25086597987914e-11,14.966816967147738,3.161018309438785e-07,0.9999711976470392,False,-0.056440114974975586,-4.874694786849432e-05
0,42,"
",assistant_prefix,0.00194549560546875,1.4831773263534308e-10,14.966879706162231,3.160818999812631e-07,0.9999710858193699,False,0.14517851173877716,0.013769072480499744
17,33, exactly,content,0.0019321441650390625,4.005302241426929e-10,14.966893328955905,3.1607774740547773e-07,0.9999712995097132,False,-0.06373291462659836,-0.00018630186968948692
20,33, exactly,content,0.001922607421875,1.7997012063137193e-10,14.966902923352364,3.160747206886404e-07,0.9999712603463194,False,0.021449724212288857,8.059282095018716e-07
6,26, is,content,0.0018978118896484375,3.731110014206148e-09,14.966929010876724,3.160669036774842e-07,0.9999713240417778,False,0.08194703608751297,0.0035253618843853474
25,35, lowercase,content,0.00189208984375,5.875955436665432e-11,14.966933331616843,3.160650470503587e-07,0.9999711719161798,False,0.13790185749530792,0.00025780859868973494
26,33, exactly,content,0.00188446044921875,3.344528477412087e-11,14.96694103157862,3.160626436395455e-07,0.9999711971159323,False,-0.0001760534942150116,-1.7597329815544072e-06
18,28, d,content,0.0018482208251953125,2.8731584921749065e-09,14.966977114205532,3.1605109788663e-07,0.9999709061300489,False,0.08753155171871185,0.00044747500214725733
12,21,.,content,0.001842498779296875,2.4922112466089937e-07,14.966985488369685,3.1604846393351084e-07,0.9999682942735593,False,0.20532435178756714,0.031014610081911087
23,23,:,content,0.0018157958984375,7.577924767212481e-11,14.967009446786172,3.160409413877641e-07,0.9999711949092902,False,0.05837452784180641,0.00014165871834848076
0,31, Reply,content,0.001804351806640625,4.094591514600133e-10,14.967020552113793,3.1603727110699875e-07,0.99997102563063,False,-0.07302321493625641,-0.0015688003040850163
0,36, word,content,0.001766204833984375,7.861212217291449e-10,14.967059306754907,3.160252248736513e-07,0.9999710553800759,False,0.11409611254930496,0.0017287342343479395
7,29,ax,content,0.001575469970703125,1.6667945494561633e-08,14.967252967313698,3.1596516965936585e-07,0.999971739188257,False,0.11052973568439484,0.003167248098179698
24,25, color,relation,0.00156402587890625,3.0479210276560144e-10,14.967261676735495,3.159613826440758e-07,0.999971197676998,False,0.0052605075761675835,6.0157668485771865e-05
18,27, the,content,0.001556396484375,1.7371151167913053e-09,14.967268805455381,3.159588892861418e-07,0.9999709357103875,False,0.05605219677090645,0.0005248902016319335
24,36, word,content,0.0015506744384765625,7.894999442133784e-12,14.967274477982558,3.1595714991712044e-07,0.999971152686313,False,-0.0006265187403187156,7.68876816437114e-06
1,24, what,content,0.0015430450439453125,1.9628623804517628e-10,14.967282349828658,3.1595476697799504e-07,0.999971240080584,False,0.08700592070817947,0.002608616603538394
8,28, d,content,0.001506805419921875,4.2644550502655844e-10,14.967318369935454,3.159432726013097e-07,0.9999710992296466,False,0.13773693144321442,0.0024331987369805574
2,36, word,content,0.0014972686767578125,1.735248034194578e-10,14.967328360259762,3.159402943271446e-07,0.9999712093147224,False,0.08833381533622742,0.002792264800518751
2,35, lowercase,content,0.0014743804931640625,8.410339318087477e-09,14.967353248072536,3.159332312827676e-07,0.9999717416030681,False,0.16939130425453186,0.012459945864975452
6,27, the,content,0.0014495849609375,4.697582779118541e-10,14.967376141610911,3.1592523148794334e-07,0.9999712156731096,False,-0.008177193813025951,-0.0007761166780255735
1,33, exactly,content,0.0014438629150390625,3.013129746466824e-11,14.967381218827075,3.159234044982514e-07,0.9999711547227867,False,0.09736066311597824,0.0018035939428955317
4,27, the,content,0.00144195556640625,1.055031212962538e-09,14.967383579548976,3.1592276691738265e-07,0.9999710439224275,False,0.013839555904269218,-5.8349101891508326e-05
8,35, lowercase,content,0.00144195556640625,2.094863771501849e-07,14.967377163489664,3.1592326523696496e-07,0.9999726212229749,False,0.1617068201303482,0.020967908203601837
5,27, the,content,0.0014057159423828125,5.785134884522056e-10,14.96742009964081,3.159113915712307e-07,0.9999712761602848,False,0.05236225947737694,0.00014344391820486635
8,39,"
",content,0.0013484954833984375,1.0948239864323073e-09,14.96747652801298,3.158932170264351e-07,0.9999709644591372,False,0.12074822932481766,0.006414339412003756
21,33, exactly,content,0.0012493133544921875,2.103419099513363e-10,14.967576209909092,3.1586198389997787e-07,0.9999712692722161,False,0.031887248158454895,-1.4056134887141525e-06
26,30,?,question_end,0.0012416839599609375,1.495097309688482e-11,14.967583598747611,3.158595355616942e-07,0.9999711473488034,False,0.02435847744345665,3.680774898384698e-05
9,27, the,content,0.0012340545654296875,1.6011416353556935e-09,14.967591391239836,3.1585707827849433e-07,0.999970997046638,False,-0.009023459628224373,-0.0006974382558837533
16,38,<|im_end|>,chat_template,0.0012226104736328125,1.2808584580847529e-10,14.96760250186271,3.1585349096987064e-07,0.9999710836921903,False,-0.05543949455022812,-0.0001438095496268943
14,38,<|im_end|>,chat_template,0.0011920928955078125,1.221732455406291e-10,14.967633061387,3.158438530351462e-07,0.9999710868638662,False,-0.031467095017433167,-0.00010330045188311487
16,34, one,content,0.0011806488037109375,2.1163316607910575e-09,14.96764545406143,3.158403450166648e-07,0.9999714240717055,False,-0.00732739083468914,-0.0002011164033319801
17,40,<|im_start|>,chat_template,0.0011615753173828125,1.2868892770955074e-11,14.967663711202096,3.158342328826082e-07,0.9999711454050634,False,0.02165099047124386,6.409674824681133e-05
12,40,<|im_start|>,chat_template,0.001155853271484375,1.2690409316896299e-12,14.967669443999048,3.1583243236569284e-07,0.9999711666052219,False,0.02947123721241951,6.434992974391207e-05
0,38,<|im_end|>,chat_template,0.001148223876953125,5.503117623482181e-11,14.967676990169487,3.158300064979781e-07,0.9999711151021855,False,0.05736405774950981,0.0009435120155103505
5,32, with,content,0.0011463165283203125,7.130212113605278e-09,14.967678252476924,3.1582952956911887e-07,0.9999715123573848,False,-0.019496414810419083,-0.000935982505325228
23,39,"
",content,0.0011444091796875,1.524944335422528e-11,14.967680794560321,3.1582880973741064e-07,0.9999711405361056,False,0.08397890627384186,3.6270990676712245e-05
21,39,"
",content,0.0010890960693359375,2.431826816187261e-11,14.967736109067665,3.1581133816280254e-07,0.999971132354433,False,-0.03430492430925369,-1.2743836123263463e-05
11,40,<|im_start|>,chat_template,0.0010776519775390625,7.338822697166583e-13,14.967747613535739,3.158077342549833e-07,0.9999711647955313,False,0.03424127399921417,4.758292197948322e-05
15,40,<|im_start|>,chat_template,0.0010738372802734375,2.2237311228040458e-11,14.967751399710583,3.1580652054798876e-07,0.9999711363029832,False,0.01482049934566021,4.1401461203349754e-05
4,32, with,content,0.0010433197021484375,7.788719039845397e-09,14.967781718684344,3.15797027060761e-07,0.999971592329401,False,-0.013370860368013382,-0.0011716284789144993
3,27, the,content,0.0010204315185546875,1.5410848926650632e-10,14.967805017620721,3.1578965636338885e-07,0.9999711402701487,False,-0.032036297023296356,-0.0004809189704246819
0,32, with,content,0.00101470947265625,3.556138137573215e-10,14.967809982035726,3.15787839198948e-07,0.9999711079496907,False,0.08971609175205231,0.004179679322987795
14,40,<|im_start|>,chat_template,0.001010894775390625,3.461946347952225e-12,14.967814381453028,3.157866497272677e-07,0.9999711559586595,False,0.02139642834663391,3.586265665944666e-05
25,36, word,content,0.0009975433349609375,1.0921110743288298e-11,14.967827611238095,3.157824301578496e-07,0.9999711452208108,False,0.04746249318122864,3.278185613453388e-05
19,39,"
",content,0.0009822845458984375,5.537676516169968e-11,14.967842933988091,3.157776253773084e-07,0.9999711884151161,False,0.05812506005167961,0.00017557335377205163
15,39,"
",content,0.0009746551513671875,1.4519158580658456e-09,14.967850489676657,3.1577514283195655e-07,0.9999709560968837,False,-0.029623370617628098,-0.0003413738450035453
2,39,"
",content,0.0009708404541015625,5.61080466348803e-10,14.967854215673103,3.1577395667275304e-07,0.9999710144441236,False,0.06034374609589577,0.0021383946295827627
16,33, exactly,content,0.0009479522705078125,2.4658662378655995e-09,14.96787732744526,3.157668703855952e-07,0.9999714613510381,False,0.009271647781133652,0.0003297835646662861
12,33, exactly,content,0.0009307861328125,4.987951861049571e-10,14.967894692177634,3.157613379274746e-07,0.999971106640633,False,-0.0006775973015464842,0.0003987046075053513
22,39,"
",content,0.000911712646484375,2.1999222823949236e-11,14.967913466466536,3.1575532378032883e-07,0.9999711334485284,False,-0.015779469162225723,3.93540005916293e-07
18,38,<|im_end|>,chat_template,0.0009098052978515625,8.113138039554873e-12,14.967915409530187,3.157547334139113e-07,0.9999711710984794,False,0.05982197821140289,9.943233453668654e-05
0,39,"
",content,0.0009002685546875,5.906486501461123e-11,14.96792487876209,3.1575170304131593e-07,0.9999711105616521,False,0.1853954792022705,0.008688749745488167
1,36, word,content,0.000885009765625,1.4758408496270234e-11,14.967940201292693,3.157469089661299e-07,0.9999711861791795,False,0.03042524680495262,0.0003210670838598162
24,33, exactly,content,0.0008831024169921875,1.5666166465078754e-10,14.967942384751376,3.157463277904791e-07,0.9999712528865419,False,-0.03636162355542183,-5.964175215922296e-05
14,34, one,content,0.0008792877197265625,1.5422596330779877e-09,14.967946087147528,3.1574502342262254e-07,0.9999709365217844,False,-0.04304608330130577,-0.0006984222563914955
20,39,"
",content,0.0008754730224609375,1.8077557717991798e-11,14.967949730830854,3.1574389081389064e-07,0.9999711641067935,False,0.01975085586309433,4.088055356987752e-05
1,38,<|im_end|>,chat_template,0.0008602142333984375,6.879837187118428e-11,14.967964927936563,3.157390552107057e-07,0.9999711078261384,False,0.0543200708925724,0.0009500878513790667
15,38,<|im_end|>,chat_template,0.0008449554443359375,9.517140105960309e-11,14.96798016613675,3.1573423328388334e-07,0.9999710946257433,False,-0.08419432491064072,-0.0001849861437221989
16,40,<|im_start|>,chat_template,0.0008373260498046875,8.452905305284018e-12,14.967987919762361,3.1573184124375696e-07,0.9999711478710299,False,0.02579004503786564,7.2439645009581e-05
7,34, one,content,0.000827789306640625,1.1196317115865445e-08,14.967998540437764,3.157290387029834e-07,0.9999718082235596,False,0.04427522048354149,0.0010515066096559167
13,40,<|im_start|>,chat_template,0.000827789306640625,2.224384258038259e-12,14.96799749043288,3.1572883405806653e-07,0.999971160075552,False,0.0035437580663710833,2.593070712464396e-05
17,38,<|im_end|>,chat_template,0.000804901123046875,4.2305655420332254e-11,14.968020256505184,3.1572159387023364e-07,0.9999711163325374,False,-0.04317755252122879,-8.418536162935197e-05
18,33, exactly,content,0.000782012939453125,2.110406144928451e-10,14.96804348397599,3.157144153852736e-07,0.9999712674969239,False,-0.06769026815891266,-0.0001942845556186512
13,33, exactly,content,0.0007724761962890625,6.066777152057455e-10,14.968053238187624,3.157113902817129e-07,0.9999712224234308,False,-0.0003634366730693728,0.0005473052733577788
2,38,<|im_end|>,chat_template,0.00070953369140625,1.42313754159719e-11,14.96811570268651,3.156914927436304e-07,0.9999711384903285,False,0.05329800397157669,0.0007594626513309777
24,26, is,content,0.000690460205078125,2.038880687689502e-10,14.968135075560209,3.156855047700706e-07,0.9999712439922576,False,0.02178455889225006,0.00016793713439255953
22,33, exactly,content,0.00063323974609375,1.700851923484626e-10,14.968192255835522,3.1566744603193073e-07,0.9999712579766407,False,0.0321757048368454,-1.6295851310133003e-05
6,23,:,content,0.0006237030029296875,1.5469165706257717e-08,14.968200022251871,3.1566415087914077e-07,0.9999703560074262,False,0.13744527101516724,0.008315335027873516
10,40,<|im_start|>,chat_template,0.0006237030029296875,2.268542374866598e-12,14.968201540239937,3.156644080767171e-07,0.9999711707656158,False,0.031103122979402542,4.07975931011606e-05
13,38,<|im_end|>,chat_template,0.0005970001220703125,5.103777843135702e-11,14.968228181810725,3.156559614149801e-07,0.9999711149304978,False,-0.05295789986848831,-0.00014546555757988244
9,40,<|im_start|>,chat_template,0.0005950927734375,3.1617888203283837e-12,14.968230108334204,3.156553751181433e-07,0.9999711648840292,False,0.03810790181159973,7.05475322320126e-05
26,36, word,content,0.0005950927734375,6.1755408272461236e-12,14.968230068040326,3.156553717372696e-07,0.9999711541736909,False,0.03364938497543335,3.1161936931312084e-05
8,27, the,content,0.0005931854248046875,2.7436407061918626e-10,14.968232109176556,3.1565475469190414e-07,0.9999711067146712,False,-0.015375453047454357,-0.000655537995044142
22,30,?,question_end,0.0005855560302734375,4.655643998726317e-09,14.968239227747837,3.156524425056984e-07,0.999971411025703,False,0.0428459532558918,0.0002844508271664381
7,38,<|im_end|>,chat_template,0.0005817413330078125,2.744444187283993e-12,14.96824350391616,3.1565115952905526e-07,0.9999711611987854,False,-0.010870135389268398,5.910633990424685e-05
23,22, Question,content,0.0005741119384765625,2.965679491980181e-12,14.968251045411156,3.1564874867393336e-07,0.9999711528445555,False,0.03715052083134651,1.9356690245331265e-05
19,23,:,content,0.0005702972412109375,1.089005428380076e-10,14.968255154321021,3.1564756043648925e-07,0.9999712031038421,False,0.019172968342900276,-1.887441612780094e-05
6,38,<|im_end|>,chat_template,0.0005321502685546875,1.632571319873217e-11,14.968293081289454,3.1563549842219247e-07,0.9999711357968123,False,-0.02068362757563591,-0.00012679502833634615
20,23,:,content,0.0005321502685546875,9.041286753805476e-11,14.968293200971612,3.1563551396538464e-07,0.9999711850395115,False,-0.03642204403877258,-0.00016918253095354885
24,39,"
",content,0.00052642822265625,9.439883469242823e-12,14.968298765224315,3.1563369561195027e-07,0.9999711461420508,False,-0.004749746527522802,-6.746944336555316e-07
7,40,<|im_start|>,chat_template,0.0005130767822265625,5.716649475145008e-13,14.96831214119084,3.156294874585584e-07,0.9999711650971468,False,0.04384104907512665,0.0001566655409988016
23,33, exactly,content,0.0005092620849609375,1.5802414016326899e-10,14.968316221738863,3.1562831143514315e-07,0.9999712538231113,False,-0.010805545374751091,-3.700070010381751e-05
8,40,<|im_start|>,chat_template,0.0005035400390625,7.553876440164185e-13,14.968321687677426,3.156264776055372e-07,0.9999711657624167,False,0.05907856673002243,0.0001778228033799678
4,38,<|im_end|>,chat_template,0.0004787445068359375,7.087564448933214e-12,14.968346514050161,3.1561864536728897e-07,0.9999711460912152,False,0.06433030962944031,0.0009093342814594507
5,38,<|im_end|>,chat_template,0.0004596710205078125,2.045888587136273e-11,14.968365597720249,3.1561262274734054e-07,0.9999711374433904,False,0.005578232929110527,5.323964433046058e-05
9,38,<|im_end|>,chat_template,0.00045013427734375,2.0151530774429406e-11,14.968375189131478,3.1560962940950113e-07,0.9999711899254824,False,0.01590964011847973,0.00021988392109051347
19,31, Reply,content,0.00045013427734375,2.210452521670072e-10,14.968375286661152,3.1560964580696574e-07,0.9999712418788791,False,-0.020976640284061432,-1.0800273230415769e-05
15,32, with,content,0.000415802001953125,1.7610314872753964e-09,14.968409678310964,3.1559887068551374e-07,0.9999714329064907,False,0.025687463581562042,0.00024039180425461382
26,39,"
",content,0.0004100799560546875,2.0710659295795752e-12,14.968415151164967,3.15596979008421e-07,0.9999711610136433,False,0.03848380595445633,1.2391453310556244e-05
1,26, is,content,0.0004024505615234375,3.3941816665530684e-10,14.968423041383664,3.155945586293967e-07,0.9999711211714466,False,-0.12994298338890076,-0.0030167533550411463
25,31, Reply,content,0.000392913818359375,6.180801748121755e-12,14.968432317462355,3.155915581308873e-07,0.9999711504216668,False,0.004524161573499441,3.507084784359904e-06
3,38,<|im_end|>,chat_template,0.00038909912109375,1.487302872847324e-11,14.96843615948152,3.155903508710847e-07,0.9999711397250532,False,0.058455727994441986,0.0009006167529150844
26,22, Question,content,0.0003871917724609375,1.894391378570905e-12,14.968437992718178,3.155897542245524e-07,0.9999711564986187,False,-0.011534854769706726,-4.6926211325626355e-06
25,22, Question,content,0.0003757476806640625,1.8809101447831217e-12,14.968449450015969,3.155861425128162e-07,0.9999711561998667,False,-0.04153578355908394,-1.2446842447388917e-05
15,33, exactly,content,0.0003719329833984375,1.5822028793962744e-09,14.96845349688905,3.155850208377256e-07,0.9999714166236938,False,-0.002067017136141658,0.00012124082422815263
6,40,<|im_start|>,chat_template,0.0003643035888671875,6.25549958099356e-12,14.968460936904615,3.155825382186665e-07,0.999971179273893,False,-0.010908545926213264,-3.2232132070930675e-05
6,41,assistant,chat_template,0.0003643035888671875,1.8975062148541627e-10,14.968460690261553,3.15582504157209e-07,0.9999710713449942,False,0.0256806593388319,0.0016686144517734647
8,38,<|im_end|>,chat_template,0.0003414154052734375,5.2810694622031584e-12,14.968483831011323,3.155753121033874e-07,0.9999711694924639,False,0.017188232392072678,0.00022999609063845128
4,37,.,content,0.0003261566162109375,3.4819222788963677e-10,14.968499371787912,3.155705315547323e-07,0.999971279486039,False,0.0655701756477356,0.0018638047622516751
26,31, Reply,content,0.0003223419189453125,1.3378445948736791e-12,14.968502882766193,3.155692902851188e-07,0.9999711607647742,False,0.041869934648275375,2.3463106117560528e-05
25,39,"
",content,0.0003108978271484375,1.3579929549176845e-12,14.96851432612036,3.15565679507061e-07,0.999971162682557,False,0.0308467335999012,8.712795533938333e-06
18,40,<|im_start|>,chat_template,0.00028228759765625,2.4820083893409604e-11,14.968542961363479,3.155566578936085e-07,0.9999711837998899,False,-0.015435446985065937,3.593632936826907e-05
10,38,<|im_end|>,chat_template,0.0002689361572265625,2.1906653562705902e-11,14.968556217852829,3.155524392570203e-07,0.9999711662793955,False,-0.01897495426237583,3.401416108772537e-07
21,38,<|im_end|>,chat_template,0.000263214111328125,2.1136168482549668e-11,14.968562051112018,3.155506417043745e-07,0.9999711917824256,False,-0.00189802551176399,4.661178081732942e-06
22,40,<|im_start|>,chat_template,0.0002574920654296875,2.3062421726132117e-13,14.96856775171173,3.155488280342911e-07,0.9999711661770029,False,0.07279058545827866,7.94679181126412e-06
4,28, d,content,0.0002460479736328125,9.474986699904543e-10,14.968579422616235,3.155451928806616e-07,0.9999710901059842,False,0.08136444538831711,0.0011225668713450432
13,41,assistant,chat_template,0.000244140625,3.747047272075901e-10,14.968581189112701,3.1554464988446885e-07,0.9999712766286677,False,-0.029217811301350594,-7.439371256623417e-05
14,31, Reply,content,0.0002384185791015625,2.432899445257903e-09,14.968587227800516,3.1554290051646994e-07,0.999971454690672,False,0.04676651954650879,0.00024095934350043535
19,24, what,content,0.000232696533203125,1.1460141790548165e-08,14.968592673745688,3.155411877936922e-07,0.9999717488532008,False,0.041381143033504486,0.0005717764724977314
1,31, Reply,content,0.0002269744873046875,3.9450554281462193e-10,14.968597964802193,3.155391558598225e-07,0.9999710313786394,False,0.021177999675273895,0.0010949184652417898
24,35, lowercase,content,0.0002193450927734375,4.207192702567956e-11,14.968606054834838,3.155367970272954e-07,0.9999711851787709,False,0.05067245662212372,9.046199556905776e-05
4,41,assistant,chat_template,0.000213623046875,1.2712095140250809e-10,14.968611455526316,3.155349619983636e-07,0.9999710916322166,False,0.009787101298570633,-7.380524039035663e-05
24,31, Reply,content,0.0002002716064453125,2.910142903704132e-12,14.9686249832623,3.1553076964381387e-07,0.9999711564847981,False,-0.03749775514006615,-2.2185948182595894e-05
22,36, word,content,0.0001926422119140625,2.512589276571869e-11,14.96863255298556,3.1552835923952535e-07,0.9999711466452575,False,0.008253445848822594,9.893824426399078e-06
19,28, d,content,0.000186920166015625,2.3456080120911777e-09,14.968638280595746,3.155264777770887e-07,0.9999709057854809,False,0.11373822391033173,0.0006490400992333889
5,40,<|im_start|>,chat_template,0.000171661376953125,2.2257160825049328e-11,14.968653559743956,3.1552175272244087e-07,0.9999711893095482,False,-0.02571750245988369,-3.3023803553078324e-05
22,31, Reply,content,0.000171661376953125,2.7848036610764564e-11,14.968653722141543,3.1552174918718793e-07,0.9999711781054056,False,0.04774603247642517,5.4089359764475375e-05
20,38,<|im_end|>,chat_template,0.0001697540283203125,7.544707844384952e-12,14.968655470076124,3.155211475686255e-07,0.9999711787102296,False,0.00909805204719305,5.521508228412131e-06
23,31, Reply,content,0.0001659393310546875,2.2559403985841275e-11,14.968659432037274,3.155199434296662e-07,0.9999711770508064,False,0.0521869882941246,6.145072256913409e-05
0,26, is,content,0.000141143798828125,1.5322037164429765e-11,14.968684192808835,3.155121126034034e-07,0.9999711534760682,False,0.11120385676622391,0.001477196579799056
21,36, word,content,0.000125885009765625,4.425276944293311e-11,14.968699336975197,3.1550729546713293e-07,0.9999711444742297,False,0.020756321027874947,2.4582710466347635e-05
1,37,.,content,0.0001201629638671875,1.1941960659632622e-10,14.968705370227449,3.1550550463132393e-07,0.9999711904507127,False,0.006884385831654072,0.00039513406227342784
5,41,assistant,chat_template,0.0001201629638671875,7.510482307871614e-11,14.968704918305871,3.155054788545018e-07,0.9999711087529963,False,0.028801631182432175,0.0007708476623520255
23,40,<|im_start|>,chat_template,0.0001201629638671875,8.483123677037773e-13,14.968705079131187,3.155054981837949e-07,0.9999711700157512,False,0.061886221170425415,7.611940418428276e-06
20,40,<|im_start|>,chat_template,0.0001068115234375,1.083883066495224e-12,14.968718435887999,3.15501285931199e-07,0.999971170561365,False,-0.04014740139245987,-2.380004389124224e-06
11,23,:,content,8.58306884765625e-05,3.1307779704043313e-09,14.9687390860262,3.154945716315237e-07,0.999970869808356,False,0.053642529994249344,0.0028039368335157633
21,40,<|im_start|>,chat_template,8.58306884765625e-05,7.823995365789236e-13,14.968739416592538,3.154946662685304e-07,0.9999711697635959,False,0.0251319520175457,3.749100642380654e-06
24,40,<|im_start|>,chat_template,5.91278076171875e-05,3.6347432160309955e-13,14.968766111131757,3.1548624113866406e-07,0.9999711677798561,False,0.06120763346552849,5.220978891884442e-06
26,32, with,content,5.53131103515625e-05,1.7224271708520426e-12,14.968769928334709,3.1548503884011526e-07,0.9999711715316113,False,0.0144312409684062,3.6661103877122514e-06
19,38,<|im_end|>,chat_template,5.340576171875e-05,1.3253888647567753e-11,14.968771801181258,3.1548444149156253e-07,0.9999711854489524,False,0.01282244548201561,1.2245416655787267e-05
19,40,<|im_start|>,chat_template,5.340576171875e-05,1.8041993858996438e-12,14.968771842353297,3.1548443739374683e-07,0.999971172460365,False,-0.045748382806777954,-6.090625902288593e-06
22,22, Question,content,5.340576171875e-05,2.212091885455365e-11,14.96877177779217,3.1548444179918996e-07,0.9999711864240204,False,0.023961426690220833,1.4761687452846672e-05
8,34, one,content,3.62396240234375e-05,1.457700512935099e-08,14.968788742672958,3.1547919766783393e-07,0.999971729935871,False,0.07386013865470886,0.0031742174178361893
26,40,<|im_start|>,chat_template,1.9073486328125e-06,1.159510093377499e-12,14.968823315566182,3.154681900864507e-07,0.9999711699950331,False,-0.00539478100836277,-1.2464774954423774e-06
0,0,<|im_start|>,chat_template,0.0,0.0,14.968825232482503,3.1546758638547277e-07,0.9999711636752938,False,0.0,0.0
0,1,system,chat_template,0.0,0.0,14.968825232482503,3.1546758638547277e-07,0.9999711636752938,False,0.0,0.0
0,2,"
",content,0.0,0.0,14.968825232482503,3.1546758638547277e-07,0.9999711636752938,False,0.0,0.0
0,3,You,content,0.0,0.0,14.968825232482503,3.1546758638547277e-07,0.9999711636752938,False,0.0,0.0
0,4, are,content,0.0,0.0,14.968825232482503,3.1546758638547277e-07,0.9999711636752938,False,0.0,0.0
0,5, a,content,0.0,0.0,14.968825232482503,3.1546758638547277e-07,0.9999711636752938,False,0.0,0.0
0,6, helpful,content,0.0,0.0,14.968825232482503,3.1546758638547277e-07,0.9999711636752938,False,0.0,0.0
0,7, assistant,chat_template,0.0,0.0,14.968825232482503,3.1546758638547277e-07,0.9999711636752938,False,0.0,0.0
0,8,.,content,0.0,0.0,14.968825232482503,3.1546758638547277e-07,0.9999711636752938,False,0.0,0.0
0,9,<|im_end|>,chat_template,0.0,0.0,14.968825232482503,3.1546758638547277e-07,0.9999711636752938,False,0.0,0.0
0,10,"
",content,0.0,0.0,14.968825232482503,3.1546758638547277e-07,0.9999711636752938,False,0.0,0.0
0,11,<|im_start|>,chat_template,0.0,0.0,14.968825232482503,3.1546758638547277e-07,0.9999711636752938,False,0.0,0.0
0,12,user,chat_template,0.0,0.0,14.968825232482503,3.1546758638547277e-07,0.9999711636752938,False,0.0,0.0
0,13,"
",content,0.0,0.0,14.968825232482503,3.1546758638547277e-07,0.9999711636752938,False,0.0,0.0
0,14,Fact,content,0.0,0.0,14.968825232482503,3.1546758638547277e-07,0.9999711636752938,False,0.0,0.0
0,15,:,content,0.0,0.0,14.968825232482503,3.1546758638547277e-07,0.9999711636752938,False,0.0,0.0
0,16, the,content,0.0,0.0,14.968825232482503,3.1546758638547277e-07,0.9999711636752938,False,0.0,0.0
0,17, d,content,0.0,0.0,14.968825232482503,3.1546758638547277e-07,0.9999711636752938,False,0.0,0.0
0,18,ax,content,0.0,0.0,14.968825232482503,3.1546758638547277e-07,0.9999711636752938,False,0.0,0.0
0,19, is,content,0.0,0.0,14.968825232482503,3.1546758638547277e-07,0.9999711636752938,False,0.0,0.0
1,0,<|im_start|>,chat_template,0.0,0.0,14.968825232482503,3.1546758638547277e-07,0.9999711636752938,False,0.0,0.0
1,1,system,chat_template,0.0,0.0,14.968825232482503,3.1546758638547277e-07,0.9999711636752938,False,0.0,0.0
1,2,"
",content,0.0,0.0,14.968825232482503,3.1546758638547277e-07,0.9999711636752938,False,0.0,0.0
1,3,You,content,0.0,0.0,14.968825232482503,3.1546758638547277e-07,0.9999711636752938,False,0.0,0.0
1,4, are,content,0.0,0.0,14.968825232482503,3.1546758638547277e-07,0.9999711636752938,False,0.0,0.0
1,5, a,content,0.0,0.0,14.968825232482503,3.1546758638547277e-07,0.9999711636752938,False,0.0,0.0
1,6, helpful,content,0.0,0.0,14.968825232482503,3.1546758638547277e-07,0.9999711636752938,False,0.0,0.0
1,7, assistant,chat_template,0.0,0.0,14.968825232482503,3.1546758638547277e-07,0.9999711636752938,False,0.0,0.0
1,8,.,content,0.0,0.0,14.968825232482503,3.1546758638547277e-07,0.9999711636752938,False,0.0,0.0
1,9,<|im_end|>,chat_template,0.0,0.0,14.968825232482503,3.1546758638547277e-07,0.9999711636752938,False,0.0,0.0
1,10,"
",content,0.0,0.0,14.968825232482503,3.1546758638547277e-07,0.9999711636752938,False,0.0,0.0
1,11,<|im_start|>,chat_template,0.0,0.0,14.968825232482503,3.1546758638547277e-07,0.9999711636752938,False,0.0,0.0
1,12,user,chat_template,0.0,0.0,14.968825232482503,3.1546758638547277e-07,0.9999711636752938,False,0.0,0.0
1,13,"
",content,0.0,0.0,14.968825232482503,3.1546758638547277e-07,0.9999711636752938,False,0.0,0.0
1,14,Fact,content,0.0,0.0,14.968825232482503,3.1546758638547277e-07,0.9999711636752938,False,0.0,0.0
1,15,:,content,0.0,0.0,14.968825232482503,3.1546758638547277e-07,0.9999711636752938,False,0.0,0.0
1,16, the,content,0.0,0.0,14.968825232482503,3.1546758638547277e-07,0.9999711636752938,False,0.0,0.0
1,17, d,content,0.0,0.0,14.968825232482503,3.1546758638547277e-07,0.9999711636752938,False,0.0,0.0
1,18,ax,content,0.0,0.0,14.968825232482503,3.1546758638547277e-07,0.9999711636752938,False,0.0,0.0
1,19, is,content,0.0,0.0,14.968825232482503,3.1546758638547277e-07,0.9999711636752938,False,0.0,0.0
2,0,<|im_start|>,chat_template,0.0,0.0,14.968825232482503,3.1546758638547277e-07,0.9999711636752938,False,0.0,0.0
2,1,system,chat_template,0.0,0.0,14.968825232482503,3.1546758638547277e-07,0.9999711636752938,False,0.0,0.0
2,2,"
",content,0.0,0.0,14.968825232482503,3.1546758638547277e-07,0.9999711636752938,False,0.0,0.0
2,3,You,content,0.0,0.0,14.968825232482503,3.1546758638547277e-07,0.9999711636752938,False,0.0,0.0
2,4, are,content,0.0,0.0,14.968825232482503,3.1546758638547277e-07,0.9999711636752938,False,0.0,0.0
2,5, a,content,0.0,0.0,14.968825232482503,3.1546758638547277e-07,0.9999711636752938,False,0.0,0.0
2,6, helpful,content,0.0,0.0,14.968825232482503,3.1546758638547277e-07,0.9999711636752938,False,0.0,0.0
2,7, assistant,chat_template,0.0,0.0,14.968825232482503,3.1546758638547277e-07,0.9999711636752938,False,0.0,0.0
2,8,.,content,0.0,0.0,14.968825232482503,3.1546758638547277e-07,0.9999711636752938,False,0.0,0.0
2,9,<|im_end|>,chat_template,0.0,0.0,14.968825232482503,3.1546758638547277e-07,0.9999711636752938,False,0.0,0.0
2,10,"
",content,0.0,0.0,14.968825232482503,3.1546758638547277e-07,0.9999711636752938,False,0.0,0.0
2,11,<|im_start|>,chat_template,0.0,0.0,14.968825232482503,3.1546758638547277e-07,0.9999711636752938,False,0.0,0.0
2,12,user,chat_template,0.0,0.0,14.968825232482503,3.1546758638547277e-07,0.9999711636752938,False,0.0,0.0
2,13,"
",content,0.0,0.0,14.968825232482503,3.1546758638547277e-07,0.9999711636752938,False,0.0,0.0
2,14,Fact,content,0.0,0.0,14.968825232482503,3.1546758638547277e-07,0.9999711636752938,False,0.0,0.0
2,15,:,content,0.0,0.0,14.968825232482503,3.1546758638547277e-07,0.9999711636752938,False,0.0,0.0
2,16, the,content,0.0,0.0,14.968825232482503,3.1546758638547277e-07,0.9999711636752938,False,0.0,0.0
2,17, d,content,0.0,0.0,14.968825232482503,3.1546758638547277e-07,0.9999711636752938,False,0.0,0.0
2,18,ax,content,0.0,0.0,14.968825232482503,3.1546758638547277e-07,0.9999711636752938,False,0.0,0.0
2,19, is,content,0.0,0.0,14.968825232482503,3.1546758638547277e-07,0.9999711636752938,False,0.0,0.0
3,0,<|im_start|>,chat_template,0.0,0.0,14.968825232482503,3.1546758638547277e-07,0.9999711636752938,False,0.0,0.0
3,1,system,chat_template,0.0,0.0,14.968825232482503,3.1546758638547277e-07,0.9999711636752938,False,0.0,0.0
3,2,"
",content,0.0,0.0,14.968825232482503,3.1546758638547277e-07,0.9999711636752938,False,0.0,0.0
3,3,You,content,0.0,0.0,14.968825232482503,3.1546758638547277e-07,0.9999711636752938,False,0.0,0.0
3,4, are,content,0.0,0.0,14.968825232482503,3.1546758638547277e-07,0.9999711636752938,False,0.0,0.0
3,5, a,content,0.0,0.0,14.968825232482503,3.1546758638547277e-07,0.9999711636752938,False,0.0,0.0
3,6, helpful,content,0.0,0.0,14.968825232482503,3.1546758638547277e-07,0.9999711636752938,False,0.0,0.0
3,7, assistant,chat_template,0.0,0.0,14.968825232482503,3.1546758638547277e-07,0.9999711636752938,False,0.0,0.0
3,8,.,content,0.0,0.0,14.968825232482503,3.1546758638547277e-07,0.9999711636752938,False,0.0,0.0
3,9,<|im_end|>,chat_template,0.0,0.0,14.968825232482503,3.1546758638547277e-07,0.9999711636752938,False,0.0,0.0
3,10,"
",content,0.0,0.0,14.968825232482503,3.1546758638547277e-07,0.9999711636752938,False,0.0,0.0
3,11,<|im_start|>,chat_template,0.0,0.0,14.968825232482503,3.1546758638547277e-07,0.9999711636752938,False,0.0,0.0
3,12,user,chat_template,0.0,0.0,14.968825232482503,3.1546758638547277e-07,0.9999711636752938,False,0.0,0.0
3,13,"
",content,0.0,0.0,14.968825232482503,3.1546758638547277e-07,0.9999711636752938,False,0.0,0.0
3,14,Fact,content,0.0,0.0,14.968825232482503,3.1546758638547277e-07,0.9999711636752938,False,0.0,0.0
3,15,:,content,0.0,0.0,14.968825232482503,3.1546758638547277e-07,0.9999711636752938,False,0.0,0.0
3,16, the,content,0.0,0.0,14.968825232482503,3.1546758638547277e-07,0.9999711636752938,False,0.0,0.0
3,17, d,content,0.0,0.0,14.968825232482503,3.1546758638547277e-07,0.9999711636752938,False,0.0,0.0
3,18,ax,content,0.0,0.0,14.968825232482503,3.1546758638547277e-07,0.9999711636752938,False,0.0,0.0
3,19, is,content,0.0,0.0,14.968825232482503,3.1546758638547277e-07,0.9999711636752938,False,0.0,0.0
4,0,<|im_start|>,chat_template,0.0,0.0,14.968825232482503,3.1546758638547277e-07,0.9999711636752938,False,0.0,0.0
4,1,system,chat_template,0.0,0.0,14.968825232482503,3.1546758638547277e-07,0.9999711636752938,False,0.0,0.0
4,2,"
",content,0.0,0.0,14.968825232482503,3.1546758638547277e-07,0.9999711636752938,False,0.0,0.0
4,3,You,content,0.0,0.0,14.968825232482503,3.1546758638547277e-07,0.9999711636752938,False,0.0,0.0
4,4, are,content,0.0,0.0,14.968825232482503,3.1546758638547277e-07,0.9999711636752938,False,0.0,0.0
4,5, a,content,0.0,0.0,14.968825232482503,3.1546758638547277e-07,0.9999711636752938,False,0.0,0.0
4,6, helpful,content,0.0,0.0,14.968825232482503,3.1546758638547277e-07,0.9999711636752938,False,0.0,0.0
4,7, assistant,chat_template,0.0,0.0,14.968825232482503,3.1546758638547277e-07,0.9999711636752938,False,0.0,0.0
4,8,.,content,0.0,0.0,14.968825232482503,3.1546758638547277e-07,0.9999711636752938,False,0.0,0.0
4,9,<|im_end|>,chat_template,0.0,0.0,14.968825232482503,3.1546758638547277e-07,0.9999711636752938,False,0.0,0.0
4,10,"
",content,0.0,0.0,14.968825232482503,3.1546758638547277e-07,0.9999711636752938,False,0.0,0.0
4,11,<|im_start|>,chat_template,0.0,0.0,14.968825232482503,3.1546758638547277e-07,0.9999711636752938,False,0.0,0.0
4,12,user,chat_template,0.0,0.0,14.968825232482503,3.1546758638547277e-07,0.9999711636752938,False,0.0,0.0
4,13,"
",content,0.0,0.0,14.968825232482503,3.1546758638547277e-07,0.9999711636752938,False,0.0,0.0
4,14,Fact,content,0.0,0.0,14.968825232482503,3.1546758638547277e-07,0.9999711636752938,False,0.0,0.0
4,15,:,content,0.0,0.0,14.968825232482503,3.1546758638547277e-07,0.9999711636752938,False,0.0,0.0
4,16, the,content,0.0,0.0,14.968825232482503,3.1546758638547277e-07,0.9999711636752938,False,0.0,0.0
4,17, d,content,0.0,0.0,14.968825232482503,3.1546758638547277e-07,0.9999711636752938,False,0.0,0.0
4,18,ax,content,0.0,0.0,14.968825232482503,3.1546758638547277e-07,0.9999711636752938,False,0.0,0.0
4,19, is,content,0.0,0.0,14.968825232482503,3.1546758638547277e-07,0.9999711636752938,False,0.0,0.0
5,0,<|im_start|>,chat_template,0.0,0.0,14.968825232482503,3.1546758638547277e-07,0.9999711636752938,False,0.0,0.0
5,1,system,chat_template,0.0,0.0,14.968825232482503,3.1546758638547277e-07,0.9999711636752938,False,0.0,0.0
5,2,"
",content,0.0,0.0,14.968825232482503,3.1546758638547277e-07,0.9999711636752938,False,0.0,0.0
5,3,You,content,0.0,0.0,14.968825232482503,3.1546758638547277e-07,0.9999711636752938,False,0.0,0.0
5,4, are,content,0.0,0.0,14.968825232482503,3.1546758638547277e-07,0.9999711636752938,False,0.0,0.0
5,5, a,content,0.0,0.0,14.968825232482503,3.1546758638547277e-07,0.9999711636752938,False,0.0,0.0
5,6, helpful,content,0.0,0.0,14.968825232482503,3.1546758638547277e-07,0.9999711636752938,False,0.0,0.0
5,7, assistant,chat_template,0.0,0.0,14.968825232482503,3.1546758638547277e-07,0.9999711636752938,False,0.0,0.0
5,8,.,content,0.0,0.0,14.968825232482503,3.1546758638547277e-07,0.9999711636752938,False,0.0,0.0
5,9,<|im_end|>,chat_template,0.0,0.0,14.968825232482503,3.1546758638547277e-07,0.9999711636752938,False,0.0,0.0
5,10,"
",content,0.0,0.0,14.968825232482503,3.1546758638547277e-07,0.9999711636752938,False,0.0,0.0
5,11,<|im_start|>,chat_template,0.0,0.0,14.968825232482503,3.1546758638547277e-07,0.9999711636752938,False,0.0,0.0
5,12,user,chat_template,0.0,0.0,14.968825232482503,3.1546758638547277e-07,0.9999711636752938,False,0.0,0.0
5,13,"
",content,0.0,0.0,14.968825232482503,3.1546758638547277e-07,0.9999711636752938,False,0.0,0.0
5,14,Fact,content,0.0,0.0,14.968825232482503,3.1546758638547277e-07,0.9999711636752938,False,0.0,0.0
5,15,:,content,0.0,0.0,14.968825232482503,3.1546758638547277e-07,0.9999711636752938,False,0.0,0.0
5,16, the,content,0.0,0.0,14.968825232482503,3.1546758638547277e-07,0.9999711636752938,False,0.0,0.0
5,17, d,content,0.0,0.0,14.968825232482503,3.1546758638547277e-07,0.9999711636752938,False,0.0,0.0
5,18,ax,content,0.0,0.0,14.968825232482503,3.1546758638547277e-07,0.9999711636752938,False,0.0,0.0
5,19, is,content,0.0,0.0,14.968825232482503,3.1546758638547277e-07,0.9999711636752938,False,0.0,0.0
6,0,<|im_start|>,chat_template,0.0,0.0,14.968825232482503,3.1546758638547277e-07,0.9999711636752938,False,0.0,0.0
6,1,system,chat_template,0.0,0.0,14.968825232482503,3.1546758638547277e-07,0.9999711636752938,False,0.0,0.0
6,2,"
",content,0.0,0.0,14.968825232482503,3.1546758638547277e-07,0.9999711636752938,False,0.0,0.0
6,3,You,content,0.0,0.0,14.968825232482503,3.1546758638547277e-07,0.9999711636752938,False,0.0,0.0
6,4, are,content,0.0,0.0,14.968825232482503,3.1546758638547277e-07,0.9999711636752938,False,0.0,0.0
6,5, a,content,0.0,0.0,14.968825232482503,3.1546758638547277e-07,0.9999711636752938,False,0.0,0.0
6,6, helpful,content,0.0,0.0,14.968825232482503,3.1546758638547277e-07,0.9999711636752938,False,0.0,0.0
6,7, assistant,chat_template,0.0,0.0,14.968825232482503,3.1546758638547277e-07,0.9999711636752938,False,0.0,0.0
6,8,.,content,0.0,0.0,14.968825232482503,3.1546758638547277e-07,0.9999711636752938,False,0.0,0.0
6,9,<|im_end|>,chat_template,0.0,0.0,14.968825232482503,3.1546758638547277e-07,0.9999711636752938,False,0.0,0.0
6,10,"
",content,0.0,0.0,14.968825232482503,3.1546758638547277e-07,0.9999711636752938,False,0.0,0.0
6,11,<|im_start|>,chat_template,0.0,0.0,14.968825232482503,3.1546758638547277e-07,0.9999711636752938,False,0.0,0.0
6,12,user,chat_template,0.0,0.0,14.968825232482503,3.1546758638547277e-07,0.9999711636752938,False,0.0,0.0
6,13,"
",content,0.0,0.0,14.968825232482503,3.1546758638547277e-07,0.9999711636752938,False,0.0,0.0
6,14,Fact,content,0.0,0.0,14.968825232482503,3.1546758638547277e-07,0.9999711636752938,False,0.0,0.0
6,15,:,content,0.0,0.0,14.968825232482503,3.1546758638547277e-07,0.9999711636752938,False,0.0,0.0
6,16, the,content,0.0,0.0,14.968825232482503,3.1546758638547277e-07,0.9999711636752938,False,0.0,0.0
6,17, d,content,0.0,0.0,14.968825232482503,3.1546758638547277e-07,0.9999711636752938,False,0.0,0.0
6,18,ax,content,0.0,0.0,14.968825232482503,3.1546758638547277e-07,0.9999711636752938,False,0.0,0.0
6,19, is,content,0.0,0.0,14.968825232482503,3.1546758638547277e-07,0.9999711636752938,False,0.0,0.0
7,0,<|im_start|>,chat_template,0.0,0.0,14.968825232482503,3.1546758638547277e-07,0.9999711636752938,False,0.0,0.0
7,1,system,chat_template,0.0,0.0,14.968825232482503,3.1546758638547277e-07,0.9999711636752938,False,0.0,0.0
7,2,"
",content,0.0,0.0,14.968825232482503,3.1546758638547277e-07,0.9999711636752938,False,0.0,0.0
7,3,You,content,0.0,0.0,14.968825232482503,3.1546758638547277e-07,0.9999711636752938,False,0.0,0.0
7,4, are,content,0.0,0.0,14.968825232482503,3.1546758638547277e-07,0.9999711636752938,False,0.0,0.0
7,5, a,content,0.0,0.0,14.968825232482503,3.1546758638547277e-07,0.9999711636752938,False,0.0,0.0
7,6, helpful,content,0.0,0.0,14.968825232482503,3.1546758638547277e-07,0.9999711636752938,False,0.0,0.0
7,7, assistant,chat_template,0.0,0.0,14.968825232482503,3.1546758638547277e-07,0.9999711636752938,False,0.0,0.0
7,8,.,content,0.0,0.0,14.968825232482503,3.1546758638547277e-07,0.9999711636752938,False,0.0,0.0
7,9,<|im_end|>,chat_template,0.0,0.0,14.968825232482503,3.1546758638547277e-07,0.9999711636752938,False,0.0,0.0
7,10,"
",content,0.0,0.0,14.968825232482503,3.1546758638547277e-07,0.9999711636752938,False,0.0,0.0
7,11,<|im_start|>,chat_template,0.0,0.0,14.968825232482503,3.1546758638547277e-07,0.9999711636752938,False,0.0,0.0
7,12,user,chat_template,0.0,0.0,14.968825232482503,3.1546758638547277e-07,0.9999711636752938,False,0.0,0.0
7,13,"
",content,0.0,0.0,14.968825232482503,3.1546758638547277e-07,0.9999711636752938,False,0.0,0.0
7,14,Fact,content,0.0,0.0,14.968825232482503,3.1546758638547277e-07,0.9999711636752938,False,0.0,0.0
7,15,:,content,0.0,0.0,14.968825232482503,3.1546758638547277e-07,0.9999711636752938,False,0.0,0.0
7,16, the,content,0.0,0.0,14.968825232482503,3.1546758638547277e-07,0.9999711636752938,False,0.0,0.0
7,17, d,content,0.0,0.0,14.968825232482503,3.1546758638547277e-07,0.9999711636752938,False,0.0,0.0
7,18,ax,content,0.0,0.0,14.968825232482503,3.1546758638547277e-07,0.9999711636752938,False,0.0,0.0
7,19, is,content,0.0,0.0,14.968825232482503,3.1546758638547277e-07,0.9999711636752938,False,0.0,0.0
8,0,<|im_start|>,chat_template,0.0,0.0,14.968825232482503,3.1546758638547277e-07,0.9999711636752938,False,0.0,0.0
8,1,system,chat_template,0.0,0.0,14.968825232482503,3.1546758638547277e-07,0.9999711636752938,False,0.0,0.0
8,2,"
",content,0.0,0.0,14.968825232482503,3.1546758638547277e-07,0.9999711636752938,False,0.0,0.0
8,3,You,content,0.0,0.0,14.968825232482503,3.1546758638547277e-07,0.9999711636752938,False,0.0,0.0
8,4, are,content,0.0,0.0,14.968825232482503,3.1546758638547277e-07,0.9999711636752938,False,0.0,0.0
8,5, a,content,0.0,0.0,14.968825232482503,3.1546758638547277e-07,0.9999711636752938,False,0.0,0.0
8,6, helpful,content,0.0,0.0,14.968825232482503,3.1546758638547277e-07,0.9999711636752938,False,0.0,0.0
8,7, assistant,chat_template,0.0,0.0,14.968825232482503,3.1546758638547277e-07,0.9999711636752938,False,0.0,0.0
8,8,.,content,0.0,0.0,14.968825232482503,3.1546758638547277e-07,0.9999711636752938,False,0.0,0.0
8,9,<|im_end|>,chat_template,0.0,0.0,14.968825232482503,3.1546758638547277e-07,0.9999711636752938,False,0.0,0.0
8,10,"
",content,0.0,0.0,14.968825232482503,3.1546758638547277e-07,0.9999711636752938,False,0.0,0.0
8,11,<|im_start|>,chat_template,0.0,0.0,14.968825232482503,3.1546758638547277e-07,0.9999711636752938,False,0.0,0.0
8,12,user,chat_template,0.0,0.0,14.968825232482503,3.1546758638547277e-07,0.9999711636752938,False,0.0,0.0
8,13,"
",content,0.0,0.0,14.968825232482503,3.1546758638547277e-07,0.9999711636752938,False,0.0,0.0
8,14,Fact,content,0.0,0.0,14.968825232482503,3.1546758638547277e-07,0.9999711636752938,False,0.0,0.0
8,15,:,content,0.0,0.0,14.968825232482503,3.1546758638547277e-07,0.9999711636752938,False,0.0,0.0
8,16, the,content,0.0,0.0,14.968825232482503,3.1546758638547277e-07,0.9999711636752938,False,0.0,0.0
8,17, d,content,0.0,0.0,14.968825232482503,3.1546758638547277e-07,0.9999711636752938,False,0.0,0.0
8,18,ax,content,0.0,0.0,14.968825232482503,3.1546758638547277e-07,0.9999711636752938,False,0.0,0.0
8,19, is,content,0.0,0.0,14.968825232482503,3.1546758638547277e-07,0.9999711636752938,False,0.0,0.0
9,0,<|im_start|>,chat_template,0.0,0.0,14.968825232482503,3.1546758638547277e-07,0.9999711636752938,False,0.0,0.0
9,1,system,chat_template,0.0,0.0,14.968825232482503,3.1546758638547277e-07,0.9999711636752938,False,0.0,0.0
9,2,"
",content,0.0,0.0,14.968825232482503,3.1546758638547277e-07,0.9999711636752938,False,0.0,0.0
9,3,You,content,0.0,0.0,14.968825232482503,3.1546758638547277e-07,0.9999711636752938,False,0.0,0.0
9,4, are,content,0.0,0.0,14.968825232482503,3.1546758638547277e-07,0.9999711636752938,False,0.0,0.0
9,5, a,content,0.0,0.0,14.968825232482503,3.1546758638547277e-07,0.9999711636752938,False,0.0,0.0
9,6, helpful,content,0.0,0.0,14.968825232482503,3.1546758638547277e-07,0.9999711636752938,False,0.0,0.0
9,7, assistant,chat_template,0.0,0.0,14.968825232482503,3.1546758638547277e-07,0.9999711636752938,False,0.0,0.0
9,8,.,content,0.0,0.0,14.968825232482503,3.1546758638547277e-07,0.9999711636752938,False,0.0,0.0
9,9,<|im_end|>,chat_template,0.0,0.0,14.968825232482503,3.1546758638547277e-07,0.9999711636752938,False,0.0,0.0
9,10,"
",content,0.0,0.0,14.968825232482503,3.1546758638547277e-07,0.9999711636752938,False,0.0,0.0
9,11,<|im_start|>,chat_template,0.0,0.0,14.968825232482503,3.1546758638547277e-07,0.9999711636752938,False,0.0,0.0
9,12,user,chat_template,0.0,0.0,14.968825232482503,3.1546758638547277e-07,0.9999711636752938,False,0.0,0.0
9,13,"
",content,0.0,0.0,14.968825232482503,3.1546758638547277e-07,0.9999711636752938,False,0.0,0.0
9,14,Fact,content,0.0,0.0,14.968825232482503,3.1546758638547277e-07,0.9999711636752938,False,0.0,0.0
9,15,:,content,0.0,0.0,14.968825232482503,3.1546758638547277e-07,0.9999711636752938,False,0.0,0.0
9,16, the,content,0.0,0.0,14.968825232482503,3.1546758638547277e-07,0.9999711636752938,False,0.0,0.0
9,17, d,content,0.0,0.0,14.968825232482503,3.1546758638547277e-07,0.9999711636752938,False,0.0,0.0
9,18,ax,content,0.0,0.0,14.968825232482503,3.1546758638547277e-07,0.9999711636752938,False,0.0,0.0
9,19, is,content,0.0,0.0,14.968825232482503,3.1546758638547277e-07,0.9999711636752938,False,0.0,0.0
10,0,<|im_start|>,chat_template,0.0,0.0,14.968825232482503,3.1546758638547277e-07,0.9999711636752938,False,0.0,0.0
10,1,system,chat_template,0.0,0.0,14.968825232482503,3.1546758638547277e-07,0.9999711636752938,False,0.0,0.0
10,2,"
",content,0.0,0.0,14.968825232482503,3.1546758638547277e-07,0.9999711636752938,False,0.0,0.0
10,3,You,content,0.0,0.0,14.968825232482503,3.1546758638547277e-07,0.9999711636752938,False,0.0,0.0
10,4, are,content,0.0,0.0,14.968825232482503,3.1546758638547277e-07,0.9999711636752938,False,0.0,0.0
10,5, a,content,0.0,0.0,14.968825232482503,3.1546758638547277e-07,0.9999711636752938,False,0.0,0.0
10,6, helpful,content,0.0,0.0,14.968825232482503,3.1546758638547277e-07,0.9999711636752938,False,0.0,0.0
10,7, assistant,chat_template,0.0,0.0,14.968825232482503,3.1546758638547277e-07,0.9999711636752938,False,0.0,0.0
10,8,.,content,0.0,0.0,14.968825232482503,3.1546758638547277e-07,0.9999711636752938,False,0.0,0.0
10,9,<|im_end|>,chat_template,0.0,0.0,14.968825232482503,3.1546758638547277e-07,0.9999711636752938,False,0.0,0.0
10,10,"
",content,0.0,0.0,14.968825232482503,3.1546758638547277e-07,0.9999711636752938,False,0.0,0.0
10,11,<|im_start|>,chat_template,0.0,0.0,14.968825232482503,3.1546758638547277e-07,0.9999711636752938,False,0.0,0.0
10,12,user,chat_template,0.0,0.0,14.968825232482503,3.1546758638547277e-07,0.9999711636752938,False,0.0,0.0
10,13,"
",content,0.0,0.0,14.968825232482503,3.1546758638547277e-07,0.9999711636752938,False,0.0,0.0
10,14,Fact,content,0.0,0.0,14.968825232482503,3.1546758638547277e-07,0.9999711636752938,False,0.0,0.0
10,15,:,content,0.0,0.0,14.968825232482503,3.1546758638547277e-07,0.9999711636752938,False,0.0,0.0
10,16, the,content,0.0,0.0,14.968825232482503,3.1546758638547277e-07,0.9999711636752938,False,0.0,0.0
10,17, d,content,0.0,0.0,14.968825232482503,3.1546758638547277e-07,0.9999711636752938,False,0.0,0.0
10,18,ax,content,0.0,0.0,14.968825232482503,3.1546758638547277e-07,0.9999711636752938,False,0.0,0.0
10,19, is,content,0.0,0.0,14.968825232482503,3.1546758638547277e-07,0.9999711636752938,False,0.0,0.0
11,0,<|im_start|>,chat_template,0.0,0.0,14.968825232482503,3.1546758638547277e-07,0.9999711636752938,False,0.0,0.0
11,1,system,chat_template,0.0,0.0,14.968825232482503,3.1546758638547277e-07,0.9999711636752938,False,0.0,0.0
11,2,"
",content,0.0,0.0,14.968825232482503,3.1546758638547277e-07,0.9999711636752938,False,0.0,0.0
11,3,You,content,0.0,0.0,14.968825232482503,3.1546758638547277e-07,0.9999711636752938,False,0.0,0.0
11,4, are,content,0.0,0.0,14.968825232482503,3.1546758638547277e-07,0.9999711636752938,False,0.0,0.0
11,5, a,content,0.0,0.0,14.968825232482503,3.1546758638547277e-07,0.9999711636752938,False,0.0,0.0
11,6, helpful,content,0.0,0.0,14.968825232482503,3.1546758638547277e-07,0.9999711636752938,False,0.0,0.0
11,7, assistant,chat_template,0.0,0.0,14.968825232482503,3.1546758638547277e-07,0.9999711636752938,False,0.0,0.0
11,8,.,content,0.0,0.0,14.968825232482503,3.1546758638547277e-07,0.9999711636752938,False,0.0,0.0
11,9,<|im_end|>,chat_template,0.0,0.0,14.968825232482503,3.1546758638547277e-07,0.9999711636752938,False,0.0,0.0
11,10,"
",content,0.0,0.0,14.968825232482503,3.1546758638547277e-07,0.9999711636752938,False,0.0,0.0
11,11,<|im_start|>,chat_template,0.0,0.0,14.968825232482503,3.1546758638547277e-07,0.9999711636752938,False,0.0,0.0
11,12,user,chat_template,0.0,0.0,14.968825232482503,3.1546758638547277e-07,0.9999711636752938,False,0.0,0.0
11,13,"
",content,0.0,0.0,14.968825232482503,3.1546758638547277e-07,0.9999711636752938,False,0.0,0.0
11,14,Fact,content,0.0,0.0,14.968825232482503,3.1546758638547277e-07,0.9999711636752938,False,0.0,0.0
11,15,:,content,0.0,0.0,14.968825232482503,3.1546758638547277e-07,0.9999711636752938,False,0.0,0.0
11,16, the,content,0.0,0.0,14.968825232482503,3.1546758638547277e-07,0.9999711636752938,False,0.0,0.0
11,17, d,content,0.0,0.0,14.968825232482503,3.1546758638547277e-07,0.9999711636752938,False,0.0,0.0
11,18,ax,content,0.0,0.0,14.968825232482503,3.1546758638547277e-07,0.9999711636752938,False,0.0,0.0
11,19, is,content,0.0,0.0,14.968825232482503,3.1546758638547277e-07,0.9999711636752938,False,0.0,0.0
12,0,<|im_start|>,chat_template,0.0,0.0,14.968825232482503,3.1546758638547277e-07,0.9999711636752938,False,0.0,0.0
12,1,system,chat_template,0.0,0.0,14.968825232482503,3.1546758638547277e-07,0.9999711636752938,False,0.0,0.0
12,2,"
",content,0.0,0.0,14.968825232482503,3.1546758638547277e-07,0.9999711636752938,False,0.0,0.0
12,3,You,content,0.0,0.0,14.968825232482503,3.1546758638547277e-07,0.9999711636752938,False,0.0,0.0
12,4, are,content,0.0,0.0,14.968825232482503,3.1546758638547277e-07,0.9999711636752938,False,0.0,0.0
12,5, a,content,0.0,0.0,14.968825232482503,3.1546758638547277e-07,0.9999711636752938,False,0.0,0.0
12,6, helpful,content,0.0,0.0,14.968825232482503,3.1546758638547277e-07,0.9999711636752938,False,0.0,0.0
12,7, assistant,chat_template,0.0,0.0,14.968825232482503,3.1546758638547277e-07,0.9999711636752938,False,0.0,0.0
12,8,.,content,0.0,0.0,14.968825232482503,3.1546758638547277e-07,0.9999711636752938,False,0.0,0.0
12,9,<|im_end|>,chat_template,0.0,0.0,14.968825232482503,3.1546758638547277e-07,0.9999711636752938,False,0.0,0.0
12,10,"
",content,0.0,0.0,14.968825232482503,3.1546758638547277e-07,0.9999711636752938,False,0.0,0.0
12,11,<|im_start|>,chat_template,0.0,0.0,14.968825232482503,3.1546758638547277e-07,0.9999711636752938,False,0.0,0.0
12,12,user,chat_template,0.0,0.0,14.968825232482503,3.1546758638547277e-07,0.9999711636752938,False,0.0,0.0
12,13,"
",content,0.0,0.0,14.968825232482503,3.1546758638547277e-07,0.9999711636752938,False,0.0,0.0
12,14,Fact,content,0.0,0.0,14.968825232482503,3.1546758638547277e-07,0.9999711636752938,False,0.0,0.0
12,15,:,content,0.0,0.0,14.968825232482503,3.1546758638547277e-07,0.9999711636752938,False,0.0,0.0
12,16, the,content,0.0,0.0,14.968825232482503,3.1546758638547277e-07,0.9999711636752938,False,0.0,0.0
12,17, d,content,0.0,0.0,14.968825232482503,3.1546758638547277e-07,0.9999711636752938,False,0.0,0.0
12,18,ax,content,0.0,0.0,14.968825232482503,3.1546758638547277e-07,0.9999711636752938,False,0.0,0.0
12,19, is,content,0.0,0.0,14.968825232482503,3.1546758638547277e-07,0.9999711636752938,False,0.0,0.0
13,0,<|im_start|>,chat_template,0.0,0.0,14.968825232482503,3.1546758638547277e-07,0.9999711636752938,False,0.0,0.0
13,1,system,chat_template,0.0,0.0,14.968825232482503,3.1546758638547277e-07,0.9999711636752938,False,0.0,0.0
13,2,"
",content,0.0,0.0,14.968825232482503,3.1546758638547277e-07,0.9999711636752938,False,0.0,0.0
13,3,You,content,0.0,0.0,14.968825232482503,3.1546758638547277e-07,0.9999711636752938,False,0.0,0.0
13,4, are,content,0.0,0.0,14.968825232482503,3.1546758638547277e-07,0.9999711636752938,False,0.0,0.0
13,5, a,content,0.0,0.0,14.968825232482503,3.1546758638547277e-07,0.9999711636752938,False,0.0,0.0
13,6, helpful,content,0.0,0.0,14.968825232482503,3.1546758638547277e-07,0.9999711636752938,False,0.0,0.0
13,7, assistant,chat_template,0.0,0.0,14.968825232482503,3.1546758638547277e-07,0.9999711636752938,False,0.0,0.0
13,8,.,content,0.0,0.0,14.968825232482503,3.1546758638547277e-07,0.9999711636752938,False,0.0,0.0
13,9,<|im_end|>,chat_template,0.0,0.0,14.968825232482503,3.1546758638547277e-07,0.9999711636752938,False,0.0,0.0
13,10,"
",content,0.0,0.0,14.968825232482503,3.1546758638547277e-07,0.9999711636752938,False,0.0,0.0
13,11,<|im_start|>,chat_template,0.0,0.0,14.968825232482503,3.1546758638547277e-07,0.9999711636752938,False,0.0,0.0
13,12,user,chat_template,0.0,0.0,14.968825232482503,3.1546758638547277e-07,0.9999711636752938,False,0.0,0.0
13,13,"
",content,0.0,0.0,14.968825232482503,3.1546758638547277e-07,0.9999711636752938,False,0.0,0.0
13,14,Fact,content,0.0,0.0,14.968825232482503,3.1546758638547277e-07,0.9999711636752938,False,0.0,0.0
13,15,:,content,0.0,0.0,14.968825232482503,3.1546758638547277e-07,0.9999711636752938,False,0.0,0.0
13,16, the,content,0.0,0.0,14.968825232482503,3.1546758638547277e-07,0.9999711636752938,False,0.0,0.0
13,17, d,content,0.0,0.0,14.968825232482503,3.1546758638547277e-07,0.9999711636752938,False,0.0,0.0
13,18,ax,content,0.0,0.0,14.968825232482503,3.1546758638547277e-07,0.9999711636752938,False,0.0,0.0
13,19, is,content,0.0,0.0,14.968825232482503,3.1546758638547277e-07,0.9999711636752938,False,0.0,0.0
14,0,<|im_start|>,chat_template,0.0,0.0,14.968825232482503,3.1546758638547277e-07,0.9999711636752938,False,0.0,0.0
14,1,system,chat_template,0.0,0.0,14.968825232482503,3.1546758638547277e-07,0.9999711636752938,False,0.0,0.0
14,2,"
",content,0.0,0.0,14.968825232482503,3.1546758638547277e-07,0.9999711636752938,False,0.0,0.0
14,3,You,content,0.0,0.0,14.968825232482503,3.1546758638547277e-07,0.9999711636752938,False,0.0,0.0
14,4, are,content,0.0,0.0,14.968825232482503,3.1546758638547277e-07,0.9999711636752938,False,0.0,0.0
14,5, a,content,0.0,0.0,14.968825232482503,3.1546758638547277e-07,0.9999711636752938,False,0.0,0.0
14,6, helpful,content,0.0,0.0,14.968825232482503,3.1546758638547277e-07,0.9999711636752938,False,0.0,0.0
14,7, assistant,chat_template,0.0,0.0,14.968825232482503,3.1546758638547277e-07,0.9999711636752938,False,0.0,0.0
14,8,.,content,0.0,0.0,14.968825232482503,3.1546758638547277e-07,0.9999711636752938,False,0.0,0.0
14,9,<|im_end|>,chat_template,0.0,0.0,14.968825232482503,3.1546758638547277e-07,0.9999711636752938,False,0.0,0.0
14,10,"
",content,0.0,0.0,14.968825232482503,3.1546758638547277e-07,0.9999711636752938,False,0.0,0.0
14,11,<|im_start|>,chat_template,0.0,0.0,14.968825232482503,3.1546758638547277e-07,0.9999711636752938,False,0.0,0.0
14,12,user,chat_template,0.0,0.0,14.968825232482503,3.1546758638547277e-07,0.9999711636752938,False,0.0,0.0
14,13,"
",content,0.0,0.0,14.968825232482503,3.1546758638547277e-07,0.9999711636752938,False,0.0,0.0
14,14,Fact,content,0.0,0.0,14.968825232482503,3.1546758638547277e-07,0.9999711636752938,False,0.0,0.0
14,15,:,content,0.0,0.0,14.968825232482503,3.1546758638547277e-07,0.9999711636752938,False,0.0,0.0
14,16, the,content,0.0,0.0,14.968825232482503,3.1546758638547277e-07,0.9999711636752938,False,0.0,0.0
14,17, d,content,0.0,0.0,14.968825232482503,3.1546758638547277e-07,0.9999711636752938,False,0.0,0.0
14,18,ax,content,0.0,0.0,14.968825232482503,3.1546758638547277e-07,0.9999711636752938,False,0.0,0.0
14,19, is,content,0.0,0.0,14.968825232482503,3.1546758638547277e-07,0.9999711636752938,False,0.0,0.0
15,0,<|im_start|>,chat_template,0.0,0.0,14.968825232482503,3.1546758638547277e-07,0.9999711636752938,False,0.0,0.0
15,1,system,chat_template,0.0,0.0,14.968825232482503,3.1546758638547277e-07,0.9999711636752938,False,0.0,0.0
15,2,"
",content,0.0,0.0,14.968825232482503,3.1546758638547277e-07,0.9999711636752938,False,0.0,0.0
15,3,You,content,0.0,0.0,14.968825232482503,3.1546758638547277e-07,0.9999711636752938,False,0.0,0.0
15,4, are,content,0.0,0.0,14.968825232482503,3.1546758638547277e-07,0.9999711636752938,False,0.0,0.0
15,5, a,content,0.0,0.0,14.968825232482503,3.1546758638547277e-07,0.9999711636752938,False,0.0,0.0
15,6, helpful,content,0.0,0.0,14.968825232482503,3.1546758638547277e-07,0.9999711636752938,False,0.0,0.0
15,7, assistant,chat_template,0.0,0.0,14.968825232482503,3.1546758638547277e-07,0.9999711636752938,False,0.0,0.0
15,8,.,content,0.0,0.0,14.968825232482503,3.1546758638547277e-07,0.9999711636752938,False,0.0,0.0
15,9,<|im_end|>,chat_template,0.0,0.0,14.968825232482503,3.1546758638547277e-07,0.9999711636752938,False,0.0,0.0
15,10,"
",content,0.0,0.0,14.968825232482503,3.1546758638547277e-07,0.9999711636752938,False,0.0,0.0
15,11,<|im_start|>,chat_template,0.0,0.0,14.968825232482503,3.1546758638547277e-07,0.9999711636752938,False,0.0,0.0
15,12,user,chat_template,0.0,0.0,14.968825232482503,3.1546758638547277e-07,0.9999711636752938,False,0.0,0.0
15,13,"
",content,0.0,0.0,14.968825232482503,3.1546758638547277e-07,0.9999711636752938,False,0.0,0.0
15,14,Fact,content,0.0,0.0,14.968825232482503,3.1546758638547277e-07,0.9999711636752938,False,0.0,0.0
15,15,:,content,0.0,0.0,14.968825232482503,3.1546758638547277e-07,0.9999711636752938,False,0.0,0.0
15,16, the,content,0.0,0.0,14.968825232482503,3.1546758638547277e-07,0.9999711636752938,False,0.0,0.0
15,17, d,content,0.0,0.0,14.968825232482503,3.1546758638547277e-07,0.9999711636752938,False,0.0,0.0
15,18,ax,content,0.0,0.0,14.968825232482503,3.1546758638547277e-07,0.9999711636752938,False,0.0,0.0
15,19, is,content,0.0,0.0,14.968825232482503,3.1546758638547277e-07,0.9999711636752938,False,0.0,0.0
16,0,<|im_start|>,chat_template,0.0,0.0,14.968825232482503,3.1546758638547277e-07,0.9999711636752938,False,0.0,0.0
16,1,system,chat_template,0.0,0.0,14.968825232482503,3.1546758638547277e-07,0.9999711636752938,False,0.0,0.0
16,2,"
",content,0.0,0.0,14.968825232482503,3.1546758638547277e-07,0.9999711636752938,False,0.0,0.0
16,3,You,content,0.0,0.0,14.968825232482503,3.1546758638547277e-07,0.9999711636752938,False,0.0,0.0
16,4, are,content,0.0,0.0,14.968825232482503,3.1546758638547277e-07,0.9999711636752938,False,0.0,0.0
16,5, a,content,0.0,0.0,14.968825232482503,3.1546758638547277e-07,0.9999711636752938,False,0.0,0.0
16,6, helpful,content,0.0,0.0,14.968825232482503,3.1546758638547277e-07,0.9999711636752938,False,0.0,0.0
16,7, assistant,chat_template,0.0,0.0,14.968825232482503,3.1546758638547277e-07,0.9999711636752938,False,0.0,0.0
16,8,.,content,0.0,0.0,14.968825232482503,3.1546758638547277e-07,0.9999711636752938,False,0.0,0.0
16,9,<|im_end|>,chat_template,0.0,0.0,14.968825232482503,3.1546758638547277e-07,0.9999711636752938,False,0.0,0.0
16,10,"
",content,0.0,0.0,14.968825232482503,3.1546758638547277e-07,0.9999711636752938,False,0.0,0.0
16,11,<|im_start|>,chat_template,0.0,0.0,14.968825232482503,3.1546758638547277e-07,0.9999711636752938,False,0.0,0.0
16,12,user,chat_template,0.0,0.0,14.968825232482503,3.1546758638547277e-07,0.9999711636752938,False,0.0,0.0
16,13,"
",content,0.0,0.0,14.968825232482503,3.1546758638547277e-07,0.9999711636752938,False,0.0,0.0
16,14,Fact,content,0.0,0.0,14.968825232482503,3.1546758638547277e-07,0.9999711636752938,False,0.0,0.0
16,15,:,content,0.0,0.0,14.968825232482503,3.1546758638547277e-07,0.9999711636752938,False,0.0,0.0
16,16, the,content,0.0,0.0,14.968825232482503,3.1546758638547277e-07,0.9999711636752938,False,0.0,0.0
16,17, d,content,0.0,0.0,14.968825232482503,3.1546758638547277e-07,0.9999711636752938,False,0.0,0.0
16,18,ax,content,0.0,0.0,14.968825232482503,3.1546758638547277e-07,0.9999711636752938,False,0.0,0.0
16,19, is,content,0.0,0.0,14.968825232482503,3.1546758638547277e-07,0.9999711636752938,False,0.0,0.0
17,0,<|im_start|>,chat_template,0.0,0.0,14.968825232482503,3.1546758638547277e-07,0.9999711636752938,False,0.0,0.0
17,1,system,chat_template,0.0,0.0,14.968825232482503,3.1546758638547277e-07,0.9999711636752938,False,0.0,0.0
17,2,"
",content,0.0,0.0,14.968825232482503,3.1546758638547277e-07,0.9999711636752938,False,0.0,0.0
17,3,You,content,0.0,0.0,14.968825232482503,3.1546758638547277e-07,0.9999711636752938,False,0.0,0.0
17,4, are,content,0.0,0.0,14.968825232482503,3.1546758638547277e-07,0.9999711636752938,False,0.0,0.0
17,5, a,content,0.0,0.0,14.968825232482503,3.1546758638547277e-07,0.9999711636752938,False,0.0,0.0
17,6, helpful,content,0.0,0.0,14.968825232482503,3.1546758638547277e-07,0.9999711636752938,False,0.0,0.0
17,7, assistant,chat_template,0.0,0.0,14.968825232482503,3.1546758638547277e-07,0.9999711636752938,False,0.0,0.0
17,8,.,content,0.0,0.0,14.968825232482503,3.1546758638547277e-07,0.9999711636752938,False,0.0,0.0
17,9,<|im_end|>,chat_template,0.0,0.0,14.968825232482503,3.1546758638547277e-07,0.9999711636752938,False,0.0,0.0
17,10,"
",content,0.0,0.0,14.968825232482503,3.1546758638547277e-07,0.9999711636752938,False,0.0,0.0
17,11,<|im_start|>,chat_template,0.0,0.0,14.968825232482503,3.1546758638547277e-07,0.9999711636752938,False,0.0,0.0
17,12,user,chat_template,0.0,0.0,14.968825232482503,3.1546758638547277e-07,0.9999711636752938,False,0.0,0.0
17,13,"
",content,0.0,0.0,14.968825232482503,3.1546758638547277e-07,0.9999711636752938,False,0.0,0.0
17,14,Fact,content,0.0,0.0,14.968825232482503,3.1546758638547277e-07,0.9999711636752938,False,0.0,0.0
17,15,:,content,0.0,0.0,14.968825232482503,3.1546758638547277e-07,0.9999711636752938,False,0.0,0.0
17,16, the,content,0.0,0.0,14.968825232482503,3.1546758638547277e-07,0.9999711636752938,False,0.0,0.0
17,17, d,content,0.0,0.0,14.968825232482503,3.1546758638547277e-07,0.9999711636752938,False,0.0,0.0
17,18,ax,content,0.0,0.0,14.968825232482503,3.1546758638547277e-07,0.9999711636752938,False,0.0,0.0
17,19, is,content,0.0,0.0,14.968825232482503,3.1546758638547277e-07,0.9999711636752938,False,0.0,0.0
18,0,<|im_start|>,chat_template,0.0,0.0,14.968825232482503,3.1546758638547277e-07,0.9999711636752938,False,0.0,0.0
18,1,system,chat_template,0.0,0.0,14.968825232482503,3.1546758638547277e-07,0.9999711636752938,False,0.0,0.0
18,2,"
",content,0.0,0.0,14.968825232482503,3.1546758638547277e-07,0.9999711636752938,False,0.0,0.0
18,3,You,content,0.0,0.0,14.968825232482503,3.1546758638547277e-07,0.9999711636752938,False,0.0,0.0
18,4, are,content,0.0,0.0,14.968825232482503,3.1546758638547277e-07,0.9999711636752938,False,0.0,0.0
18,5, a,content,0.0,0.0,14.968825232482503,3.1546758638547277e-07,0.9999711636752938,False,0.0,0.0
18,6, helpful,content,0.0,0.0,14.968825232482503,3.1546758638547277e-07,0.9999711636752938,False,0.0,0.0
18,7, assistant,chat_template,0.0,0.0,14.968825232482503,3.1546758638547277e-07,0.9999711636752938,False,0.0,0.0
18,8,.,content,0.0,0.0,14.968825232482503,3.1546758638547277e-07,0.9999711636752938,False,0.0,0.0
18,9,<|im_end|>,chat_template,0.0,0.0,14.968825232482503,3.1546758638547277e-07,0.9999711636752938,False,0.0,0.0
18,10,"
",content,0.0,0.0,14.968825232482503,3.1546758638547277e-07,0.9999711636752938,False,0.0,0.0
18,11,<|im_start|>,chat_template,0.0,0.0,14.968825232482503,3.1546758638547277e-07,0.9999711636752938,False,0.0,0.0
18,12,user,chat_template,0.0,0.0,14.968825232482503,3.1546758638547277e-07,0.9999711636752938,False,0.0,0.0
18,13,"
",content,0.0,0.0,14.968825232482503,3.1546758638547277e-07,0.9999711636752938,False,0.0,0.0
18,14,Fact,content,0.0,0.0,14.968825232482503,3.1546758638547277e-07,0.9999711636752938,False,0.0,0.0
18,15,:,content,0.0,0.0,14.968825232482503,3.1546758638547277e-07,0.9999711636752938,False,0.0,0.0
18,16, the,content,0.0,0.0,14.968825232482503,3.1546758638547277e-07,0.9999711636752938,False,0.0,0.0
18,17, d,content,0.0,0.0,14.968825232482503,3.1546758638547277e-07,0.9999711636752938,False,0.0,0.0
18,18,ax,content,0.0,0.0,14.968825232482503,3.1546758638547277e-07,0.9999711636752938,False,0.0,0.0
18,19, is,content,0.0,0.0,14.968825232482503,3.1546758638547277e-07,0.9999711636752938,False,0.0,0.0
19,0,<|im_start|>,chat_template,0.0,0.0,14.968825232482503,3.1546758638547277e-07,0.9999711636752938,False,0.0,0.0
19,1,system,chat_template,0.0,0.0,14.968825232482503,3.1546758638547277e-07,0.9999711636752938,False,0.0,0.0
19,2,"
",content,0.0,0.0,14.968825232482503,3.1546758638547277e-07,0.9999711636752938,False,0.0,0.0
19,3,You,content,0.0,0.0,14.968825232482503,3.1546758638547277e-07,0.9999711636752938,False,0.0,0.0
19,4, are,content,0.0,0.0,14.968825232482503,3.1546758638547277e-07,0.9999711636752938,False,0.0,0.0
19,5, a,content,0.0,0.0,14.968825232482503,3.1546758638547277e-07,0.9999711636752938,False,0.0,0.0
19,6, helpful,content,0.0,0.0,14.968825232482503,3.1546758638547277e-07,0.9999711636752938,False,0.0,0.0
19,7, assistant,chat_template,0.0,0.0,14.968825232482503,3.1546758638547277e-07,0.9999711636752938,False,0.0,0.0
19,8,.,content,0.0,0.0,14.968825232482503,3.1546758638547277e-07,0.9999711636752938,False,0.0,0.0
19,9,<|im_end|>,chat_template,0.0,0.0,14.968825232482503,3.1546758638547277e-07,0.9999711636752938,False,0.0,0.0
19,10,"
",content,0.0,0.0,14.968825232482503,3.1546758638547277e-07,0.9999711636752938,False,0.0,0.0
19,11,<|im_start|>,chat_template,0.0,0.0,14.968825232482503,3.1546758638547277e-07,0.9999711636752938,False,0.0,0.0
19,12,user,chat_template,0.0,0.0,14.968825232482503,3.1546758638547277e-07,0.9999711636752938,False,0.0,0.0
19,13,"
",content,0.0,0.0,14.968825232482503,3.1546758638547277e-07,0.9999711636752938,False,0.0,0.0
19,14,Fact,content,0.0,0.0,14.968825232482503,3.1546758638547277e-07,0.9999711636752938,False,0.0,0.0
19,15,:,content,0.0,0.0,14.968825232482503,3.1546758638547277e-07,0.9999711636752938,False,0.0,0.0
19,16, the,content,0.0,0.0,14.968825232482503,3.1546758638547277e-07,0.9999711636752938,False,0.0,0.0
19,17, d,content,0.0,0.0,14.968825232482503,3.1546758638547277e-07,0.9999711636752938,False,0.0,0.0
19,18,ax,content,0.0,0.0,14.968825232482503,3.1546758638547277e-07,0.9999711636752938,False,0.0,0.0
19,19, is,content,0.0,0.0,14.968825232482503,3.1546758638547277e-07,0.9999711636752938,False,0.0,0.0
20,0,<|im_start|>,chat_template,0.0,0.0,14.968825232482503,3.1546758638547277e-07,0.9999711636752938,False,0.0,0.0
20,1,system,chat_template,0.0,0.0,14.968825232482503,3.1546758638547277e-07,0.9999711636752938,False,0.0,0.0
20,2,"
",content,0.0,0.0,14.968825232482503,3.1546758638547277e-07,0.9999711636752938,False,0.0,0.0
20,3,You,content,0.0,0.0,14.968825232482503,3.1546758638547277e-07,0.9999711636752938,False,0.0,0.0
20,4, are,content,0.0,0.0,14.968825232482503,3.1546758638547277e-07,0.9999711636752938,False,0.0,0.0
20,5, a,content,0.0,0.0,14.968825232482503,3.1546758638547277e-07,0.9999711636752938,False,0.0,0.0
20,6, helpful,content,0.0,0.0,14.968825232482503,3.1546758638547277e-07,0.9999711636752938,False,0.0,0.0
20,7, assistant,chat_template,0.0,0.0,14.968825232482503,3.1546758638547277e-07,0.9999711636752938,False,0.0,0.0
20,8,.,content,0.0,0.0,14.968825232482503,3.1546758638547277e-07,0.9999711636752938,False,0.0,0.0
20,9,<|im_end|>,chat_template,0.0,0.0,14.968825232482503,3.1546758638547277e-07,0.9999711636752938,False,0.0,0.0
20,10,"
",content,0.0,0.0,14.968825232482503,3.1546758638547277e-07,0.9999711636752938,False,0.0,0.0
20,11,<|im_start|>,chat_template,0.0,0.0,14.968825232482503,3.1546758638547277e-07,0.9999711636752938,False,0.0,0.0
20,12,user,chat_template,0.0,0.0,14.968825232482503,3.1546758638547277e-07,0.9999711636752938,False,0.0,0.0
20,13,"
",content,0.0,0.0,14.968825232482503,3.1546758638547277e-07,0.9999711636752938,False,0.0,0.0
20,14,Fact,content,0.0,0.0,14.968825232482503,3.1546758638547277e-07,0.9999711636752938,False,0.0,0.0
20,15,:,content,0.0,0.0,14.968825232482503,3.1546758638547277e-07,0.9999711636752938,False,0.0,0.0
20,16, the,content,0.0,0.0,14.968825232482503,3.1546758638547277e-07,0.9999711636752938,False,0.0,0.0
20,17, d,content,0.0,0.0,14.968825232482503,3.1546758638547277e-07,0.9999711636752938,False,0.0,0.0
20,18,ax,content,0.0,0.0,14.968825232482503,3.1546758638547277e-07,0.9999711636752938,False,0.0,0.0
20,19, is,content,0.0,0.0,14.968825232482503,3.1546758638547277e-07,0.9999711636752938,False,0.0,0.0
21,0,<|im_start|>,chat_template,0.0,0.0,14.968825232482503,3.1546758638547277e-07,0.9999711636752938,False,0.0,0.0
21,1,system,chat_template,0.0,0.0,14.968825232482503,3.1546758638547277e-07,0.9999711636752938,False,0.0,0.0
21,2,"
",content,0.0,0.0,14.968825232482503,3.1546758638547277e-07,0.9999711636752938,False,0.0,0.0
21,3,You,content,0.0,0.0,14.968825232482503,3.1546758638547277e-07,0.9999711636752938,False,0.0,0.0
21,4, are,content,0.0,0.0,14.968825232482503,3.1546758638547277e-07,0.9999711636752938,False,0.0,0.0
21,5, a,content,0.0,0.0,14.968825232482503,3.1546758638547277e-07,0.9999711636752938,False,0.0,0.0
21,6, helpful,content,0.0,0.0,14.968825232482503,3.1546758638547277e-07,0.9999711636752938,False,0.0,0.0
21,7, assistant,chat_template,0.0,0.0,14.968825232482503,3.1546758638547277e-07,0.9999711636752938,False,0.0,0.0
21,8,.,content,0.0,0.0,14.968825232482503,3.1546758638547277e-07,0.9999711636752938,False,0.0,0.0
21,9,<|im_end|>,chat_template,0.0,0.0,14.968825232482503,3.1546758638547277e-07,0.9999711636752938,False,0.0,0.0
21,10,"
",content,0.0,0.0,14.968825232482503,3.1546758638547277e-07,0.9999711636752938,False,0.0,0.0
21,11,<|im_start|>,chat_template,0.0,0.0,14.968825232482503,3.1546758638547277e-07,0.9999711636752938,False,0.0,0.0
21,12,user,chat_template,0.0,0.0,14.968825232482503,3.1546758638547277e-07,0.9999711636752938,False,0.0,0.0
21,13,"
",content,0.0,0.0,14.968825232482503,3.1546758638547277e-07,0.9999711636752938,False,0.0,0.0
21,14,Fact,content,0.0,0.0,14.968825232482503,3.1546758638547277e-07,0.9999711636752938,False,0.0,0.0
21,15,:,content,0.0,0.0,14.968825232482503,3.1546758638547277e-07,0.9999711636752938,False,0.0,0.0
21,16, the,content,0.0,0.0,14.968825232482503,3.1546758638547277e-07,0.9999711636752938,False,0.0,0.0
21,17, d,content,0.0,0.0,14.968825232482503,3.1546758638547277e-07,0.9999711636752938,False,0.0,0.0
21,18,ax,content,0.0,0.0,14.968825232482503,3.1546758638547277e-07,0.9999711636752938,False,0.0,0.0
21,19, is,content,0.0,0.0,14.968825232482503,3.1546758638547277e-07,0.9999711636752938,False,0.0,0.0
22,0,<|im_start|>,chat_template,0.0,0.0,14.968825232482503,3.1546758638547277e-07,0.9999711636752938,False,0.0,0.0
22,1,system,chat_template,0.0,0.0,14.968825232482503,3.1546758638547277e-07,0.9999711636752938,False,0.0,0.0
22,2,"
",content,0.0,0.0,14.968825232482503,3.1546758638547277e-07,0.9999711636752938,False,0.0,0.0
22,3,You,content,0.0,0.0,14.968825232482503,3.1546758638547277e-07,0.9999711636752938,False,0.0,0.0
22,4, are,content,0.0,0.0,14.968825232482503,3.1546758638547277e-07,0.9999711636752938,False,0.0,0.0
22,5, a,content,0.0,0.0,14.968825232482503,3.1546758638547277e-07,0.9999711636752938,False,0.0,0.0
22,6, helpful,content,0.0,0.0,14.968825232482503,3.1546758638547277e-07,0.9999711636752938,False,0.0,0.0
22,7, assistant,chat_template,0.0,0.0,14.968825232482503,3.1546758638547277e-07,0.9999711636752938,False,0.0,0.0
22,8,.,content,0.0,0.0,14.968825232482503,3.1546758638547277e-07,0.9999711636752938,False,0.0,0.0
22,9,<|im_end|>,chat_template,0.0,0.0,14.968825232482503,3.1546758638547277e-07,0.9999711636752938,False,0.0,0.0
22,10,"
",content,0.0,0.0,14.968825232482503,3.1546758638547277e-07,0.9999711636752938,False,0.0,0.0
22,11,<|im_start|>,chat_template,0.0,0.0,14.968825232482503,3.1546758638547277e-07,0.9999711636752938,False,0.0,0.0
22,12,user,chat_template,0.0,0.0,14.968825232482503,3.1546758638547277e-07,0.9999711636752938,False,0.0,0.0
22,13,"
",content,0.0,0.0,14.968825232482503,3.1546758638547277e-07,0.9999711636752938,False,0.0,0.0
22,14,Fact,content,0.0,0.0,14.968825232482503,3.1546758638547277e-07,0.9999711636752938,False,0.0,0.0
22,15,:,content,0.0,0.0,14.968825232482503,3.1546758638547277e-07,0.9999711636752938,False,0.0,0.0
22,16, the,content,0.0,0.0,14.968825232482503,3.1546758638547277e-07,0.9999711636752938,False,0.0,0.0
22,17, d,content,0.0,0.0,14.968825232482503,3.1546758638547277e-07,0.9999711636752938,False,0.0,0.0
22,18,ax,content,0.0,0.0,14.968825232482503,3.1546758638547277e-07,0.9999711636752938,False,0.0,0.0
22,19, is,content,0.0,0.0,14.968825232482503,3.1546758638547277e-07,0.9999711636752938,False,0.0,0.0
23,0,<|im_start|>,chat_template,0.0,0.0,14.968825232482503,3.1546758638547277e-07,0.9999711636752938,False,0.0,0.0
23,1,system,chat_template,0.0,0.0,14.968825232482503,3.1546758638547277e-07,0.9999711636752938,False,0.0,0.0
23,2,"
",content,0.0,0.0,14.968825232482503,3.1546758638547277e-07,0.9999711636752938,False,0.0,0.0
23,3,You,content,0.0,0.0,14.968825232482503,3.1546758638547277e-07,0.9999711636752938,False,0.0,0.0
23,4, are,content,0.0,0.0,14.968825232482503,3.1546758638547277e-07,0.9999711636752938,False,0.0,0.0
23,5, a,content,0.0,0.0,14.968825232482503,3.1546758638547277e-07,0.9999711636752938,False,0.0,0.0
23,6, helpful,content,0.0,0.0,14.968825232482503,3.1546758638547277e-07,0.9999711636752938,False,0.0,0.0
23,7, assistant,chat_template,0.0,0.0,14.968825232482503,3.1546758638547277e-07,0.9999711636752938,False,0.0,0.0
23,8,.,content,0.0,0.0,14.968825232482503,3.1546758638547277e-07,0.9999711636752938,False,0.0,0.0
23,9,<|im_end|>,chat_template,0.0,0.0,14.968825232482503,3.1546758638547277e-07,0.9999711636752938,False,0.0,0.0
23,10,"
",content,0.0,0.0,14.968825232482503,3.1546758638547277e-07,0.9999711636752938,False,0.0,0.0
23,11,<|im_start|>,chat_template,0.0,0.0,14.968825232482503,3.1546758638547277e-07,0.9999711636752938,False,0.0,0.0
23,12,user,chat_template,0.0,0.0,14.968825232482503,3.1546758638547277e-07,0.9999711636752938,False,0.0,0.0
23,13,"
",content,0.0,0.0,14.968825232482503,3.1546758638547277e-07,0.9999711636752938,False,0.0,0.0
23,14,Fact,content,0.0,0.0,14.968825232482503,3.1546758638547277e-07,0.9999711636752938,False,0.0,0.0
23,15,:,content,0.0,0.0,14.968825232482503,3.1546758638547277e-07,0.9999711636752938,False,0.0,0.0
23,16, the,content,0.0,0.0,14.968825232482503,3.1546758638547277e-07,0.9999711636752938,False,0.0,0.0
23,17, d,content,0.0,0.0,14.968825232482503,3.1546758638547277e-07,0.9999711636752938,False,0.0,0.0
23,18,ax,content,0.0,0.0,14.968825232482503,3.1546758638547277e-07,0.9999711636752938,False,0.0,0.0
23,19, is,content,0.0,0.0,14.968825232482503,3.1546758638547277e-07,0.9999711636752938,False,0.0,0.0
24,0,<|im_start|>,chat_template,0.0,0.0,14.968825232482503,3.1546758638547277e-07,0.9999711636752938,False,0.0,0.0
24,1,system,chat_template,0.0,0.0,14.968825232482503,3.1546758638547277e-07,0.9999711636752938,False,0.0,0.0
24,2,"
",content,0.0,0.0,14.968825232482503,3.1546758638547277e-07,0.9999711636752938,False,0.0,0.0
24,3,You,content,0.0,0.0,14.968825232482503,3.1546758638547277e-07,0.9999711636752938,False,0.0,0.0
24,4, are,content,0.0,0.0,14.968825232482503,3.1546758638547277e-07,0.9999711636752938,False,0.0,0.0
24,5, a,content,0.0,0.0,14.968825232482503,3.1546758638547277e-07,0.9999711636752938,False,0.0,0.0
24,6, helpful,content,0.0,0.0,14.968825232482503,3.1546758638547277e-07,0.9999711636752938,False,0.0,0.0
24,7, assistant,chat_template,0.0,0.0,14.968825232482503,3.1546758638547277e-07,0.9999711636752938,False,0.0,0.0
24,8,.,content,0.0,0.0,14.968825232482503,3.1546758638547277e-07,0.9999711636752938,False,0.0,0.0
24,9,<|im_end|>,chat_template,0.0,0.0,14.968825232482503,3.1546758638547277e-07,0.9999711636752938,False,0.0,0.0
24,10,"
",content,0.0,0.0,14.968825232482503,3.1546758638547277e-07,0.9999711636752938,False,0.0,0.0
24,11,<|im_start|>,chat_template,0.0,0.0,14.968825232482503,3.1546758638547277e-07,0.9999711636752938,False,0.0,0.0
24,12,user,chat_template,0.0,0.0,14.968825232482503,3.1546758638547277e-07,0.9999711636752938,False,0.0,0.0
24,13,"
",content,0.0,0.0,14.968825232482503,3.1546758638547277e-07,0.9999711636752938,False,0.0,0.0
24,14,Fact,content,0.0,0.0,14.968825232482503,3.1546758638547277e-07,0.9999711636752938,False,0.0,0.0
24,15,:,content,0.0,0.0,14.968825232482503,3.1546758638547277e-07,0.9999711636752938,False,0.0,0.0
24,16, the,content,0.0,0.0,14.968825232482503,3.1546758638547277e-07,0.9999711636752938,False,0.0,0.0
24,17, d,content,0.0,0.0,14.968825232482503,3.1546758638547277e-07,0.9999711636752938,False,0.0,0.0
24,18,ax,content,0.0,0.0,14.968825232482503,3.1546758638547277e-07,0.9999711636752938,False,0.0,0.0
24,19, is,content,0.0,0.0,14.968825232482503,3.1546758638547277e-07,0.9999711636752938,False,0.0,0.0
25,0,<|im_start|>,chat_template,0.0,0.0,14.968825232482503,3.1546758638547277e-07,0.9999711636752938,False,0.0,0.0
25,1,system,chat_template,0.0,0.0,14.968825232482503,3.1546758638547277e-07,0.9999711636752938,False,0.0,0.0
25,2,"
",content,0.0,0.0,14.968825232482503,3.1546758638547277e-07,0.9999711636752938,False,0.0,0.0
25,3,You,content,0.0,0.0,14.968825232482503,3.1546758638547277e-07,0.9999711636752938,False,0.0,0.0
25,4, are,content,0.0,0.0,14.968825232482503,3.1546758638547277e-07,0.9999711636752938,False,0.0,0.0
25,5, a,content,0.0,0.0,14.968825232482503,3.1546758638547277e-07,0.9999711636752938,False,0.0,0.0
25,6, helpful,content,0.0,0.0,14.968825232482503,3.1546758638547277e-07,0.9999711636752938,False,0.0,0.0
25,7, assistant,chat_template,0.0,0.0,14.968825232482503,3.1546758638547277e-07,0.9999711636752938,False,0.0,0.0
25,8,.,content,0.0,0.0,14.968825232482503,3.1546758638547277e-07,0.9999711636752938,False,0.0,0.0
25,9,<|im_end|>,chat_template,0.0,0.0,14.968825232482503,3.1546758638547277e-07,0.9999711636752938,False,0.0,0.0
25,10,"
",content,0.0,0.0,14.968825232482503,3.1546758638547277e-07,0.9999711636752938,False,0.0,0.0
25,11,<|im_start|>,chat_template,0.0,0.0,14.968825232482503,3.1546758638547277e-07,0.9999711636752938,False,0.0,0.0
25,12,user,chat_template,0.0,0.0,14.968825232482503,3.1546758638547277e-07,0.9999711636752938,False,0.0,0.0
25,13,"
",content,0.0,0.0,14.968825232482503,3.1546758638547277e-07,0.9999711636752938,False,0.0,0.0
25,14,Fact,content,0.0,0.0,14.968825232482503,3.1546758638547277e-07,0.9999711636752938,False,0.0,0.0
25,15,:,content,0.0,0.0,14.968825232482503,3.1546758638547277e-07,0.9999711636752938,False,0.0,0.0
25,16, the,content,0.0,0.0,14.968825232482503,3.1546758638547277e-07,0.9999711636752938,False,0.0,0.0
25,17, d,content,0.0,0.0,14.968825232482503,3.1546758638547277e-07,0.9999711636752938,False,0.0,0.0
25,18,ax,content,0.0,0.0,14.968825232482503,3.1546758638547277e-07,0.9999711636752938,False,0.0,0.0
25,19, is,content,0.0,0.0,14.968825232482503,3.1546758638547277e-07,0.9999711636752938,False,0.0,0.0
26,0,<|im_start|>,chat_template,0.0,0.0,14.968825232482503,3.1546758638547277e-07,0.9999711636752938,False,0.0,0.0
26,1,system,chat_template,0.0,0.0,14.968825232482503,3.1546758638547277e-07,0.9999711636752938,False,0.0,0.0
26,2,"
",content,0.0,0.0,14.968825232482503,3.1546758638547277e-07,0.9999711636752938,False,0.0,0.0
26,3,You,content,0.0,0.0,14.968825232482503,3.1546758638547277e-07,0.9999711636752938,False,0.0,0.0
26,4, are,content,0.0,0.0,14.968825232482503,3.1546758638547277e-07,0.9999711636752938,False,0.0,0.0
26,5, a,content,0.0,0.0,14.968825232482503,3.1546758638547277e-07,0.9999711636752938,False,0.0,0.0
26,6, helpful,content,0.0,0.0,14.968825232482503,3.1546758638547277e-07,0.9999711636752938,False,0.0,0.0
26,7, assistant,chat_template,0.0,0.0,14.968825232482503,3.1546758638547277e-07,0.9999711636752938,False,0.0,0.0
26,8,.,content,0.0,0.0,14.968825232482503,3.1546758638547277e-07,0.9999711636752938,False,0.0,0.0
26,9,<|im_end|>,chat_template,0.0,0.0,14.968825232482503,3.1546758638547277e-07,0.9999711636752938,False,0.0,0.0
26,10,"
",content,0.0,0.0,14.968825232482503,3.1546758638547277e-07,0.9999711636752938,False,0.0,0.0
26,11,<|im_start|>,chat_template,0.0,0.0,14.968825232482503,3.1546758638547277e-07,0.9999711636752938,False,0.0,0.0
26,12,user,chat_template,0.0,0.0,14.968825232482503,3.1546758638547277e-07,0.9999711636752938,False,0.0,0.0
26,13,"
",content,0.0,0.0,14.968825232482503,3.1546758638547277e-07,0.9999711636752938,False,0.0,0.0
26,14,Fact,content,0.0,0.0,14.968825232482503,3.1546758638547277e-07,0.9999711636752938,False,0.0,0.0
26,15,:,content,0.0,0.0,14.968825232482503,3.1546758638547277e-07,0.9999711636752938,False,0.0,0.0
26,16, the,content,0.0,0.0,14.968825232482503,3.1546758638547277e-07,0.9999711636752938,False,0.0,0.0
26,17, d,content,0.0,0.0,14.968825232482503,3.1546758638547277e-07,0.9999711636752938,False,0.0,0.0
26,18,ax,content,0.0,0.0,14.968825232482503,3.1546758638547277e-07,0.9999711636752938,False,0.0,0.0
26,19, is,content,0.0,0.0,14.968825232482503,3.1546758638547277e-07,0.9999711636752938,False,0.0,0.0
27,0,<|im_start|>,chat_template,0.0,0.0,14.968825232482503,3.1546758638547277e-07,0.9999711636752938,False,0.0,0.0
27,1,system,chat_template,0.0,0.0,14.968825232482503,3.1546758638547277e-07,0.9999711636752938,False,0.0,0.0
27,2,"
",content,0.0,0.0,14.968825232482503,3.1546758638547277e-07,0.9999711636752938,False,0.0,0.0
27,3,You,content,0.0,0.0,14.968825232482503,3.1546758638547277e-07,0.9999711636752938,False,0.0,0.0
27,4, are,content,0.0,0.0,14.968825232482503,3.1546758638547277e-07,0.9999711636752938,False,0.0,0.0
27,5, a,content,0.0,0.0,14.968825232482503,3.1546758638547277e-07,0.9999711636752938,False,0.0,0.0
27,6, helpful,content,0.0,0.0,14.968825232482503,3.1546758638547277e-07,0.9999711636752938,False,0.0,0.0
27,7, assistant,chat_template,0.0,0.0,14.968825232482503,3.1546758638547277e-07,0.9999711636752938,False,0.0,0.0
27,8,.,content,0.0,0.0,14.968825232482503,3.1546758638547277e-07,0.9999711636752938,False,0.0,0.0
27,9,<|im_end|>,chat_template,0.0,0.0,14.968825232482503,3.1546758638547277e-07,0.9999711636752938,False,0.0,0.0
27,10,"
",content,0.0,0.0,14.968825232482503,3.1546758638547277e-07,0.9999711636752938,False,0.0,0.0
27,11,<|im_start|>,chat_template,0.0,0.0,14.968825232482503,3.1546758638547277e-07,0.9999711636752938,False,0.0,0.0
27,12,user,chat_template,0.0,0.0,14.968825232482503,3.1546758638547277e-07,0.9999711636752938,False,0.0,0.0
27,13,"
",content,0.0,0.0,14.968825232482503,3.1546758638547277e-07,0.9999711636752938,False,0.0,0.0
27,14,Fact,content,0.0,0.0,14.968825232482503,3.1546758638547277e-07,0.9999711636752938,False,0.0,0.0
27,15,:,content,0.0,0.0,14.968825232482503,3.1546758638547277e-07,0.9999711636752938,False,0.0,0.0
27,16, the,content,0.0,0.0,14.968825232482503,3.1546758638547277e-07,0.9999711636752938,False,0.0,0.0
27,17, d,content,0.0,0.0,14.968825232482503,3.1546758638547277e-07,0.9999711636752938,False,0.0,0.0
27,18,ax,content,0.0,0.0,14.968825232482503,3.1546758638547277e-07,0.9999711636752938,False,0.0,0.0
27,19, is,content,0.0,0.0,14.968825232482503,3.1546758638547277e-07,0.9999711636752938,False,0.0,0.0
27,20, blue,fact_value,0.0,0.0,14.968825232482503,3.1546758638547277e-07,0.9999711636752938,False,0.0,0.0
27,21,.,content,0.0,0.0,14.968825232482503,3.1546758638547277e-07,0.9999711636752938,False,0.0,0.0
27,22, Question,content,0.0,0.0,14.968825232482503,3.1546758638547277e-07,0.9999711636752938,False,0.0,0.0
27,23,:,content,0.0,0.0,14.968825232482503,3.1546758638547277e-07,0.9999711636752938,False,0.0,0.0
27,24, what,content,0.0,0.0,14.968825232482503,3.1546758638547277e-07,0.9999711636752938,False,0.0,0.0
27,25, color,relation,0.0,0.0,14.968825232482503,3.1546758638547277e-07,0.9999711636752938,False,0.0,0.0
27,26, is,content,0.0,0.0,14.968825232482503,3.1546758638547277e-07,0.9999711636752938,False,0.0,0.0
27,27, the,content,0.0,0.0,14.968825232482503,3.1546758638547277e-07,0.9999711636752938,False,0.0,0.0
27,28, d,content,0.0,0.0,14.968825232482503,3.1546758638547277e-07,0.9999711636752938,False,0.0,0.0
27,29,ax,content,0.0,0.0,14.968825232482503,3.1546758638547277e-07,0.9999711636752938,False,0.0,0.0
27,30,?,question_end,0.0,0.0,14.968825232482503,3.1546758638547277e-07,0.9999711636752938,False,0.0,0.0
27,31, Reply,content,0.0,0.0,14.968825232482503,3.1546758638547277e-07,0.9999711636752938,False,0.0,0.0
27,32, with,content,0.0,0.0,14.968825232482503,3.1546758638547277e-07,0.9999711636752938,False,0.0,0.0
27,33, exactly,content,0.0,0.0,14.968825232482503,3.1546758638547277e-07,0.9999711636752938,False,0.0,0.0
27,34, one,content,0.0,0.0,14.968825232482503,3.1546758638547277e-07,0.9999711636752938,False,0.0,0.0
27,35, lowercase,content,0.0,0.0,14.968825232482503,3.1546758638547277e-07,0.9999711636752938,False,0.0,0.0
27,36, word,content,0.0,0.0,14.968825232482503,3.1546758638547277e-07,0.9999711636752938,False,0.0,0.0
27,37,.,content,0.0,0.0,14.968825232482503,3.1546758638547277e-07,0.9999711636752938,False,0.0,0.0
27,38,<|im_end|>,chat_template,0.0,0.0,14.968825232482503,3.1546758638547277e-07,0.9999711636752938,False,0.0,0.0
27,39,"
",content,0.0,0.0,14.968825232482503,3.1546758638547277e-07,0.9999711636752938,False,0.0,0.0
27,40,<|im_start|>,chat_template,0.0,0.0,14.968825232482503,3.1546758638547277e-07,0.9999711636752938,False,0.0,0.0
27,41,assistant,chat_template,0.0,0.0,14.968825232482503,3.1546758638547277e-07,0.9999711636752938,False,0.0,0.0
3,31, Reply,content,-4.00543212890625e-05,4.694138424373259e-09,14.968866310426577,3.154550912757469e-07,0.9999716089789012,False,-0.009695193730294704,-0.0019144208636134863
2,40,<|im_start|>,chat_template,-6.103515625e-05,2.837649165831211e-11,14.968886289256355,3.154483425539055e-07,0.9999711959911187,False,0.04659317806363106,0.0014520602999255061
24,22, Question,content,-7.05718994140625e-05,2.8020216708752743e-12,14.968895745862081,3.1544532115724166e-07,0.9999711545867721,False,0.0011027440195903182,1.5707398404174455e-07
21,22, Question,content,-7.62939453125e-05,1.586424239171915e-11,14.968901471355371,3.1544352562576115e-07,0.9999711845626262,False,0.0990511029958725,7.812943658791482e-05
4,40,<|im_start|>,chat_template,-9.1552734375e-05,4.129867636597602e-11,14.968916799968227,3.154387180607752e-07,0.9999712025830734,False,0.035238705575466156,0.0010100649669766426
3,40,<|im_start|>,chat_template,-9.34600830078125e-05,2.8713919494616516e-11,14.968918716338218,3.1543811450022914e-07,0.9999711965297226,False,0.027670418843626976,0.0009172085556201637
0,29,ax,content,-0.000102996826171875,2.282257121966529e-12,14.968928239315378,3.154350964626216e-07,0.9999711654634673,False,-0.044852785766124725,-0.00021790454047732055
24,32, with,content,-0.0001201629638671875,1.2662961257582752e-12,14.968945361467908,3.1542968073194035e-07,0.999971162372989,False,0.02720310352742672,1.246712781721726e-05
25,40,<|im_start|>,chat_template,-0.000125885009765625,1.2422908959973518e-12,14.968951110666133,3.154278781958196e-07,0.9999711698604641,False,-0.07866822183132172,-8.755803719395772e-06
0,41,assistant,chat_template,-0.0001468658447265625,1.0598028833394102e-11,14.968972070373024,3.1542126391408156e-07,0.9999711812388623,False,-0.11264161765575409,-0.003499611048027873
11,38,<|im_end|>,chat_template,-0.000152587890625,4.5220894600015373e-11,14.968977862405598,3.154194653439003e-07,0.9999712011470291,False,-0.03548106923699379,-1.4957065104681533e-05
9,42,"
",assistant_prefix,-0.0001583099365234375,1.8827063719267524e-08,14.968983503723397,3.154173903726475e-07,0.9999703447460956,False,0.18994224071502686,0.050867483019828796
1,28, d,content,-0.00017547607421875,9.251199502765812e-12,14.969000668214974,3.154122289225817e-07,0.9999711468536006,False,-0.05068005993962288,-9.48020679061301e-05
12,38,<|im_end|>,chat_template,-0.000179290771484375,1.3505745932045407e-11,14.969004504715308,3.1541103481083905e-07,0.999971175666377,False,-0.035507749766111374,-5.4247688240138814e-05
3,41,assistant,chat_template,-0.0001888275146484375,3.355247271591281e-11,14.969013951438622,3.1540801161994514e-07,0.9999711274406908,False,0.021462297067046165,0.0006013073143549263
15,31, Reply,content,-0.000217437744140625,2.387669123417082e-09,14.969042945214728,3.153990886478025e-07,0.9999714470087956,False,0.057665299624204636,8.010051533346996e-05
25,32, with,content,-0.0002231597900390625,1.9392470736644468e-12,14.969048370647881,3.153971966074521e-07,0.9999711701676065,False,0.032404880970716476,8.678411177243106e-06
0,28, d,content,-0.000244140625,1.859364043658685e-12,14.969069377766928,3.1539057788871813e-07,0.9999711654382976,False,0.09816291928291321,0.0005838844226673245
2,31, Reply,content,-0.0002498626708984375,1.049986559140191e-08,14.96907610542245,3.153889734206463e-07,0.9999718002115414,False,0.004961488302797079,-0.0019281352870166302
6,32, with,content,-0.000255584716796875,1.4493796242482147e-08,14.969080077214585,3.1538713802047455e-07,0.9999717027621544,False,0.025013083592057228,3.888963328790851e-05
1,39,"
",content,-0.0002574920654296875,6.134068454220748e-11,14.96908254868382,3.1538634995222355e-07,0.9999711113915707,False,0.06587635725736618,0.0019059028709307313
14,32, with,content,-0.0002574920654296875,4.599153203670329e-09,14.969083241070395,3.1538650589881355e-07,0.9999716058393631,False,0.040645040571689606,0.00010541445954004303
2,32, with,content,-0.000263214111328125,7.635142645455056e-09,14.96908754734034,3.1538465833900336e-07,0.9999714697906207,False,0.03604857623577118,0.0011376262409612536
10,34, one,content,-0.0002689361572265625,8.078981766643222e-09,14.969093702657656,3.15382863758373e-07,0.9999715016864887,False,0.012515373528003693,9.326532745035365e-05
1,40,<|im_start|>,chat_template,-0.0002841949462890625,1.3380861606033794e-11,14.969109480948736,3.153779521274667e-07,0.9999711868129624,False,0.028637100011110306,0.0015101267490535975
26,38,<|im_end|>,chat_template,-0.0002994537353515625,3.933385347200624e-11,14.969124809280418,3.1537314146499495e-07,0.99997119184324,False,0.020815815776586533,4.699953569797799e-05
0,40,<|im_start|>,chat_template,-0.0003414154052734375,1.2359696796814504e-11,14.969166631613714,3.153599053780023e-07,0.9999711830250735,False,-0.033192139118909836,-0.000643732666503638
20,31, Reply,content,-0.00034332275390625,3.512704283007038e-11,14.969168684085503,3.1535930768302356e-07,0.9999711950926485,False,-0.041340455412864685,-2.9816364985890687e-05
23,32, with,content,-0.0003490447998046875,2.5229643831554234e-12,14.969174241091183,3.1535749326441515e-07,0.9999711636266087,False,0.03519753739237785,2.1458405171870254e-05
13,28, d,content,-0.0003681182861328125,4.075194306975476e-09,14.969193016919395,3.153513723673977e-07,0.9999708275429214,False,0.11820109933614731,0.002169041894376278
13,36, word,content,-0.0003986358642578125,5.108692234650622e-10,14.969224109413606,3.153418574352121e-07,0.9999711721783586,False,0.043675851076841354,0.003959625493735075
22,32, with,content,-0.000431060791015625,2.5486074818343715e-12,14.969256265656952,3.153316302474236e-07,0.9999711645138644,False,0.004945852793753147,1.053979758580681e-05
0,27, the,content,-0.0005035400390625,5.132265903461368e-12,14.96932880870343,3.153087808047818e-07,0.9999711795100555,False,-0.09414595365524292,-0.0008297066087834537
0,37,.,content,-0.0005245208740234375,1.1686404816801931e-12,14.969349747084944,3.15302160965369e-07,0.9999711653420903,False,0.028426915407180786,0.001185888540931046
6,34, one,content,-0.0005397796630859375,2.290556815281499e-08,14.969365527692446,3.152976173377938e-07,0.9999720136117378,False,0.10089132189750671,0.004263085778802633
2,28, d,content,-0.0006122589111328125,1.8790553918492495e-11,14.969437477892397,3.1527449182211475e-07,0.999971145156733,False,-0.017607910558581352,6.862568261567503e-05
26,28, d,content,-0.0006256103515625,3.8733331323010096e-11,14.969450709532522,3.152702742654236e-07,0.999971119096687,False,-0.018676476553082466,-3.636781548266299e-05
13,31, Reply,content,-0.0006580352783203125,2.570224265115898e-09,14.969483742883403,3.152601685349555e-07,0.9999714893179714,False,0.07163446396589279,0.0013982218224555254
20,36, word,content,-0.0006771087646484375,6.44740477372941e-11,14.969502296901027,3.152540458046079e-07,0.9999711414270734,False,0.02525417134165764,3.6740089853992686e-05
21,31, Reply,content,-0.0007381439208984375,2.93328094138517e-11,14.969563471569643,3.152348206878956e-07,0.9999711917881977,False,-0.06507471203804016,-5.533090734388679e-05
2,27, the,content,-0.000759124755859375,6.111418395485067e-11,14.969584303347238,3.1522818568318123e-07,0.9999711245869155,False,-0.08106687664985657,-0.0011735688894987106
16,32, with,content,-0.00078582763671875,1.3288512993654084e-09,14.969611198611936,3.152198521095025e-07,0.9999713904718978,False,0.08247809112071991,0.0006250505684874952
20,32, with,content,-0.0008754730224609375,4.412343718043775e-12,14.969700721549831,3.1519152175080817e-07,0.9999711569062977,False,-0.013760250993072987,-5.599019914370729e-06
17,34, one,content,-0.0008831024169921875,1.5213369051462073e-09,14.969708976465032,3.151891964429126e-07,0.9999714088220807,False,0.004509301856160164,-1.9524544768501073e-05
14,33, exactly,content,-0.00089263916015625,1.437337398511298e-09,14.969718645685155,3.1518618440015057e-07,0.9999713892193686,False,0.002840629080310464,0.0006681743543595076
16,24, what,content,-0.000957489013671875,9.870172515692148e-09,14.969783615587842,3.151658672290556e-07,0.999971776128677,False,0.06086345389485359,0.0011700699105858803
24,21,.,content,-0.0010089874267578125,1.4023677260449232e-11,14.969834126135371,3.15149442659188e-07,0.9999711591510515,False,-0.020650047808885574,-4.4292704842519015e-05
25,28, d,content,-0.0010280609130859375,2.2456452969594528e-11,14.969853173488541,3.1514342613482164e-07,0.9999711414354854,False,0.010761702433228493,8.373704076802824e-06
24,28, d,content,-0.001033782958984375,1.6607787481171877e-11,14.969858924751174,3.151416267019335e-07,0.9999711535792043,False,0.012611135840415955,1.1902600817847997e-05
22,34, one,content,-0.0010700225830078125,1.1633227715905509e-11,14.969895244037486,3.1513020400470706e-07,0.9999711463122674,False,0.029611218720674515,1.2071220226061996e-05
12,32, with,content,-0.001110076904296875,2.487776511819762e-09,14.969935754916534,3.1511768964516426e-07,0.9999714881243665,False,-0.053635381162166595,-0.0006687075365334749
1,27, the,content,-0.001239776611328125,1.5795076353268008e-10,14.970065166012759,3.1507670921128566e-07,0.9999711313574419,False,-0.09092831611633301,-0.0006305646966211498
6,37,.,content,-0.0012454986572265625,1.1744276143392348e-09,14.970069947336288,3.1507494179657716e-07,0.9999712439100463,False,0.09347736090421677,0.005769732408225536
23,34, one,content,-0.0012454986572265625,9.053029428143871e-12,14.970070710394038,3.150749115715206e-07,0.9999711479830672,False,0.041206397116184235,1.5880259525147267e-05
20,22, Question,content,-0.0012683868408203125,7.541043834727468e-11,14.970093633160173,3.150677229024088e-07,0.9999712201584291,False,0.004812752828001976,9.535384378978051e-06
21,32, with,content,-0.0012760162353515625,3.569227295956622e-12,14.970101234588716,3.1506529947481583e-07,0.9999711577579259,False,-0.045050542801618576,-2.0760006009368226e-05
10,28, d,content,-0.0012969970703125,3.229362790922905e-09,14.970122129056382,3.150587991110684e-07,0.9999715065716301,False,0.09388197213411331,0.0018587283557280898
17,32, with,content,-0.0012989044189453125,5.385532426869915e-11,14.970124281316272,3.1505810093626777e-07,0.99997119791236,False,0.041898228228092194,0.0001832367415772751
0,30,?,question_end,-0.0013256072998046875,8.06234583177821e-12,14.970150757852199,3.150496714585981e-07,0.999971145125189,False,-0.007356489077210426,0.0005995376850478351
25,38,<|im_end|>,chat_template,-0.0013332366943359375,6.224667096255401e-11,14.9701586095964,3.1504728589049326e-07,0.9999712024513355,False,0.016061248257756233,4.455676753423177e-05
20,28, d,content,-0.001415252685546875,8.930456179330804e-10,14.970240435938027,3.1502139446724174e-07,0.9999710324125901,False,0.08128803968429565,0.00031654900521971285
1,30,?,question_end,-0.0014324188232421875,5.115991223640414e-11,14.97025748132917,3.150160294190755e-07,0.9999711676591221,False,-0.016315918415784836,0.0005026131984777749
21,26, is,content,-0.0014972686767578125,9.190565214795822e-10,14.970322761022981,3.149956589374144e-07,0.9999713505113728,False,-0.03909195587038994,-0.00010458460019435734
22,28, d,content,-0.00167083740234375,5.411562464317777e-11,14.970495971246454,3.1494094169654247e-07,0.9999711962319509,False,-0.02201969362795353,-2.0211286027915776e-05
5,34, one,content,-0.0017242431640625,2.7406566065884806e-08,14.970550021239955,3.1492440226903106e-07,0.9999720846243356,False,0.09979118406772614,0.004580056294798851
0,33, exactly,content,-0.0017490386962890625,8.047410602539947e-11,14.970574219287075,3.1491631944445503e-07,0.999971213931677,False,-0.02147284336388111,-6.65090192342177e-05
12,42,"
",assistant_prefix,-0.0017547607421875,1.0195094099328521e-08,14.970582951770325,3.1491468733713263e-07,0.9999717532788874,False,0.17806288599967957,0.03994721546769142
1,41,assistant,chat_template,-0.001796722412109375,7.389530822313908e-11,14.970622021362905,3.1490130553864944e-07,0.9999712206525263,False,0.11071152240037918,0.009530236013233662
3,36, word,content,-0.0018157958984375,4.951366612806444e-09,14.970642628838498,3.1489542619683635e-07,0.999971623526123,False,0.04487111419439316,0.0027241164352744818
8,29,ax,content,-0.001834869384765625,5.807553457462978e-09,14.970661492963865,3.1488924057579e-07,0.9999710534224195,False,0.10625515878200531,0.004495701286941767
23,28, d,content,-0.0018463134765625,1.6566539423385107e-11,14.970671409986295,3.14885668910066e-07,0.9999711548373557,False,-0.002030736766755581,2.26675206249638e-06
24,34, one,content,-0.001861572265625,9.681473191371055e-12,14.970686743668438,3.1488086146784576e-07,0.9999711462474433,False,0.01176443975418806,1.0107890375365969e-05
18,23,:,content,-0.00191497802734375,1.5334771274095729e-09,14.970740315655732,3.148641166494209e-07,0.9999713723219666,False,0.03387700021266937,0.00045146187767386436
0,24, what,content,-0.001953125,6.631773162123979e-10,14.970778011194426,3.148520686822323e-07,0.9999712545448606,False,-0.007412853185087442,0.00022678484674543142
26,34, one,content,-0.0019969940185546875,1.928320407674252e-12,14.970822190650324,3.148382268907131e-07,0.9999711597584815,False,0.004212217405438423,1.8330551938561257e-06
7,27, the,content,-0.00203704833984375,4.2493266738476427e-10,14.970862313746476,3.1482566002156244e-07,0.9999712979573262,False,-0.0033872888889163733,-0.0002927657915279269
9,32, with,content,-0.0021076202392578125,4.278524997559874e-10,14.970932695782077,3.148034377835826e-07,0.9999712815122123,False,0.004961843136698008,0.00011841548985103145
5,28, d,content,-0.0021190643310546875,2.6828800354242764e-10,14.970944200653587,3.147998305080851e-07,0.9999712667201508,False,0.059119563549757004,0.0009821689454838634
6,28, d,content,-0.0021839141845703125,4.451556899496553e-10,14.97100888742644,3.147794192362049e-07,0.9999712755803349,False,0.05371004343032837,0.0005809308495372534
21,34, one,content,-0.002231597900390625,1.8890152772664094e-11,14.971056852600745,3.147643699191098e-07,0.9999711490684605,False,0.0018721530213952065,-1.1188731150468811e-05
3,28, d,content,-0.002246856689453125,2.3091280651505658e-11,14.971072032466681,3.1475957175266773e-07,0.9999711640637271,False,0.001994313672184944,-5.647489888360724e-05
2,41,assistant,chat_template,-0.0022487640380859375,2.052951625533905e-10,14.971074063099495,3.147589998252487e-07,0.9999712543786341,False,-0.017394404858350754,-0.0024543129839003086
2,29,ax,content,-0.00225830078125,6.047062182351109e-11,14.971083462185694,3.147559808918842e-07,0.9999711998238539,False,0.030032023787498474,0.0004879132320638746
12,34, one,content,-0.002323150634765625,9.69695466699914e-10,14.971148281734976,3.147355975569372e-07,0.9999712884114413,False,0.0004378726298455149,3.736119106179103e-05
22,26, is,content,-0.0023937225341796875,3.8749652862818196e-10,14.971219370571204,3.1471339029577475e-07,0.9999712993545292,False,-0.10299056023359299,-0.00018298442591913044
4,36, word,content,-0.002460479736328125,9.807750764511289e-09,14.971287399494019,3.1469255073192515e-07,0.9999718367538207,False,0.051320139318704605,0.0028357957489788532
20,34, one,content,-0.00249481201171875,1.7446436978595054e-11,14.971320078361815,3.146815320749132e-07,0.9999711543973955,False,-0.03989887237548828,-2.6818473997991532e-05
16,23,:,content,-0.0025043487548828125,1.0918220420359555e-08,14.971329074883533,3.146786806537577e-07,0.9999716297942017,False,-0.002532048849388957,-1.7256179489777423e-05
23,29,ax,content,-0.0025081634521484375,9.515618276701195e-11,14.97133339717819,3.1467735065427586e-07,0.9999712179624056,False,0.04296167194843292,0.00011198104039067402
19,32, with,content,-0.0025157928466796875,4.8068345948770466e-12,14.971341008559474,3.1467493054043787e-07,0.9999711565505215,False,-0.029356714338064194,-2.243968629045412e-05
1,32, with,content,-0.0027008056640625,6.728471628036703e-09,14.971525238712628,3.146168206373646e-07,0.9999714858531389,False,0.04923251271247864,0.0022228341549634933
15,28, d,content,-0.0028362274169921875,8.96341426951352e-10,14.97166159810005,3.1457412495617756e-07,0.9999711914807897,False,0.09973298758268356,0.0013136051129549742
5,37,.,content,-0.0028476715087890625,1.2013597338518556e-09,14.971672492479733,3.145705667673473e-07,0.9999713243747697,False,0.10464219748973846,0.005821093451231718
25,34, one,content,-0.0029582977294921875,5.084561152008538e-12,14.971783440677418,3.145357161640668e-07,0.9999711565921577,False,0.06278523802757263,4.0390230424236506e-05
18,34, one,content,-0.003047943115234375,6.7783236726724e-10,14.97187349371036,3.145075778946737e-07,0.9999713382754147,False,0.08076454699039459,0.0003401142021175474
19,34, one,content,-0.003101348876953125,7.614532639587488e-11,14.971926664485828,3.14490743942972e-07,0.999971217819231,False,0.009312475100159645,4.8015863285399973e-08
14,23,:,content,-0.003170013427734375,2.9309418670343812e-08,14.971993861618458,3.1446878858182765e-07,0.9999700675428318,False,0.054471615701913834,0.002665512962266803
2,21,.,content,-0.0032196044921875,8.567195209736774e-09,14.972042162460248,3.1445338774905603e-07,0.9999706832679167,False,0.16692371666431427,0.016014160588383675
0,34, one,content,-0.00323486328125,2.0387047723826523e-09,14.972060071207295,3.144488200637376e-07,0.9999714161356716,False,0.01808791607618332,0.0004309453070163727
11,34, one,content,-0.003276824951171875,4.475654914758662e-09,14.972102056775354,3.144356503799234e-07,0.9999714951223847,False,-0.018614385277032852,-0.00015612949209753424
18,32, with,content,-0.00330352783203125,1.7374853089885417e-11,14.972128787014622,3.144271571556996e-07,0.9999711866381501,False,0.07295674830675125,0.0004098419158253819
21,28, d,content,-0.0034027099609375,5.590433201999598e-11,14.972227724177328,3.143959706377988e-07,0.9999711786562745,False,0.027792856097221375,5.1852963224519044e-05
17,24, what,content,-0.003406524658203125,1.2618879853074749e-08,14.972232370507127,3.1439497684515613e-07,0.9999718323713312,False,0.047310009598731995,0.000497231085319072
16,28, d,content,-0.0035572052001953125,1.1355301145085049e-09,14.97238251660339,3.1434737876732267e-07,0.9999711056763806,False,0.08381970226764679,0.0008371227886527777
14,41,assistant,chat_template,-0.003589630126953125,2.0480073293492857e-09,14.972415296074729,3.1433729720225986e-07,0.9999714586642604,False,-0.04227744787931442,-8.36953695397824e-05
25,25, color,relation,-0.0035953521728515625,6.572751640197526e-10,14.97242100857058,3.143354443622458e-07,0.9999712862651169,False,0.011579010635614395,8.395818440476432e-05
10,23,:,content,-0.0036182403564453125,6.4913429813501115e-09,14.97244334564905,3.143280820481428e-07,0.9999707523511003,False,0.08199149370193481,0.004730721935629845
13,32, with,content,-0.003673553466796875,6.8387843464257914e-09,14.972499310966546,3.143109891766737e-07,0.9999716848774498,False,-0.015954982489347458,-0.00039641617331653833
26,35, lowercase,content,-0.0036830902099609375,2.5275184133080695e-11,14.972508335491975,3.14307837935258e-07,0.9999711957133751,False,0.0001903129741549492,-4.399332453886018e-07
15,41,assistant,chat_template,-0.00396728515625,8.5512224196207e-10,14.97279256570165,3.1421857139023075e-07,0.9999713403934886,False,-0.0630703940987587,-0.00030833802884444594
2,34, one,content,-0.0040493011474609375,7.726092945891412e-09,14.972874912398877,3.141929065463891e-07,0.9999716747230799,False,0.08448667079210281,0.004747370723634958
17,23,:,content,-0.0040607452392578125,1.1191342061812173e-09,14.972885882928011,3.141891974591253e-07,0.9999713136281743,False,0.01745632290840149,0.0006284519331529737
10,32, with,content,-0.00435638427734375,2.790103111058494e-09,14.973181887413904,3.140963871276328e-07,0.9999715127063669,False,-0.042800258845090866,-0.0004331417731009424
2,37,.,content,-0.00443267822265625,1.4966794758995247e-09,14.973257706921375,3.1407237952766823e-07,0.9999713698723636,False,-0.006136306561529636,-0.00199298607185483
21,21,.,content,-0.0044689178466796875,7.318750099267077e-11,14.97329400342346,3.1406094230735837e-07,0.9999711929640439,False,0.05319999158382416,0.00010038416075985879
18,37,.,content,-0.0046215057373046875,2.993539421499617e-08,14.973443768500344,3.140126673988325e-07,0.9999700571592378,False,0.058685701340436935,0.004936063662171364
11,24, what,content,-0.004680633544921875,4.595678046582463e-08,14.973505448177407,3.1399482811389534e-07,0.9999723725689199,False,0.09774705022573471,0.00833347998559475
17,28, d,content,-0.0048084259033203125,2.2696499375283252e-10,14.973633594368057,3.1395434000123587e-07,0.9999712114881308,False,0.06429795175790787,0.0005516703822650015
11,32, with,content,-0.0048885345458984375,2.816464883528961e-09,14.973714042610622,3.13929281512908e-07,0.999971501227688,False,-0.09277744591236115,-0.0008128396002575755
22,27, the,content,-0.0048923492431640625,3.0057254415731206e-09,14.973718119913318,3.139280697641901e-07,0.9999714559771165,False,-0.0956978127360344,-0.0003525360662024468
26,29,ax,content,-0.00494384765625,1.119397844469549e-10,14.973769213045646,3.1391183118438156e-07,0.9999712259870908,False,0.02759687229990959,0.0001649749610805884
22,21,.,content,-0.0049591064453125,1.5147726238395854e-10,14.973784190783547,3.1390703993714454e-07,0.9999712216248914,False,0.02653864026069641,-2.045832297881134e-05
16,39,"
",content,-0.0050048828125,1.394488564266814e-09,14.973829687964853,3.1389258070923504e-07,0.999970934806206,False,-0.039740949869155884,-0.0009314503404311836
14,28, d,content,-0.0050220489501953125,2.0940585451238717e-09,14.97384692952612,3.1388719232432695e-07,0.9999709344624799,False,0.09957869350910187,0.0014030266320332885
7,28, d,content,-0.00514984130859375,1.1975508801721454e-09,14.973975095254996,3.1384722823072365e-07,0.9999713987772013,False,0.07847047597169876,0.0008727859822101891
24,29,ax,content,-0.0051746368408203125,1.856170797581895e-10,14.973999931771223,3.1383940136807495e-07,0.9999712555549871,False,0.007042392622679472,6.767847662558779e-05
1,29,ax,content,-0.005268096923828125,1.9942404838149278e-10,14.974092998493058,3.1381005891884835e-07,0.9999712161585917,False,0.04920022562146187,0.000819931854493916
1,34, one,content,-0.005340576171875,7.719330475043103e-09,14.9741658132853,3.1378745167501514e-07,0.9999716516290105,False,0.0056247529573738575,0.0005481956177391112
3,37,.,content,-0.0054607391357421875,1.5274468846836285e-09,14.974285667577686,3.137496572974663e-07,0.9999713615568402,False,-0.01454329676926136,-0.0030598032753914595
25,29,ax,content,-0.005672454833984375,2.7987532405663347e-10,14.974497809426582,3.136832123231496e-07,0.9999712777876701,False,0.028020421043038368,0.00010336717241443694
5,36, word,content,-0.005725860595703125,6.863630303828038e-09,14.974552895595773,3.1366659687518093e-07,0.9999717132555498,False,0.05172198265790939,0.004617054481059313
5,35, lowercase,content,-0.00644683837890625,1.0617703690473688e-08,14.97527145203267,3.13440547933345e-07,0.9999717649451635,False,0.19487245380878448,0.03498582914471626
18,24, what,content,-0.00652313232421875,1.7078110193904633e-08,14.975348713362445,3.134166866479863e-07,0.9999719289983682,False,0.03369706869125366,0.00024119335284922272
19,27, the,content,-0.00652313232421875,6.595669037890816e-11,14.975348272943146,3.134164513374853e-07,0.9999711782282105,False,-0.008814356289803982,-1.112184691010043e-05
21,29,ax,content,-0.0066852569580078125,6.990774903996659e-10,14.97551061148524,3.1336565709981767e-07,0.999971223448744,False,0.05745997279882431,0.0004885531961917877
9,34, one,content,-0.0067157745361328125,2.5017771972506905e-08,14.975540419528267,3.1335630312484824e-07,0.9999718905301266,False,0.030799368396401405,0.0012601058697327971
22,29,ax,content,-0.0069599151611328125,6.715283940628867e-10,14.975785193498464,3.1327963103330994e-07,0.9999713210047053,False,0.0030590095557272434,1.8173292119172402e-05
7,30,?,question_end,-0.0070285797119140625,8.601832805574813e-09,14.975850954703423,3.1325802544913723e-07,0.9999710173738758,False,0.09017087519168854,0.006230552680790424
17,39,"
",content,-0.0072479248046875,2.5805844196054287e-09,14.976071657433975,3.131892737904274e-07,0.9999708654469112,False,0.06558724492788315,0.0014764175284653902
23,21,.,content,-0.007251739501953125,9.108411238378053e-11,14.976076718115594,3.131881798980593e-07,0.9999711873770508,False,-0.08921631425619125,-0.00029954692581668496
8,23,:,content,-0.00726318359375,4.704073690505187e-09,14.976088611203078,3.131844910080579e-07,0.9999708528995161,False,0.08095569163560867,0.003962175454944372
19,41,assistant,chat_template,-0.00738525390625,2.537536100241847e-10,14.976210111107534,3.1314636163480075e-07,0.999971168468471,False,-0.025032129138708115,-0.00025927781825885177
20,27, the,content,-0.0075359344482421875,3.9497594836973215e-09,14.97636109179575,3.1309907243619564e-07,0.999970824530287,False,-0.034993574023246765,-0.00014835651381872594
15,23,:,content,-0.0077304840087890625,1.7152545390557398e-08,14.976555190552254,3.130384635863113e-07,0.9999717780990462,False,0.014902785420417786,0.000290567462798208
16,41,assistant,chat_template,-0.007900238037109375,4.328924060211696e-09,14.976725406820627,3.1298525717770206e-07,0.9999715500485726,False,-0.06205993518233299,-0.000290589319774881
21,27, the,content,-0.008544921875,1.3059908675444075e-09,14.977370244644218,3.1278336315441553e-07,0.9999709665512707,False,-0.10690967738628387,-0.0005834360490553081
7,23,:,content,-0.008853912353515625,3.984721063498607e-10,14.97767850484047,3.126867709513661e-07,0.9999710943049092,False,0.09686671197414398,0.004009723663330078
6,36, word,content,-0.008991241455078125,6.145577143015817e-09,14.977818079632799,3.12644015439248e-07,0.9999716781243316,False,0.06133507192134857,0.004394429735839367
18,39,"
",content,-0.009265899658203125,1.3454237532895282e-09,14.978089869186924,3.125579305545313e-07,0.9999709536952802,False,0.09349187463521957,0.002142395591363311
9,28, d,content,-0.00952911376953125,5.2515645849516985e-09,14.978354238562435,3.12475879455817e-07,0.999971618472996,False,0.06794408708810806,0.0015054919058457017
20,26, is,content,-0.009832382202148438,9.903023906214415e-09,14.978658009663716,3.1238117287186394e-07,0.9999717564998784,False,0.033702071756124496,0.0005404187249951065
15,24, what,content,-0.010229110717773438,2.05362823673586e-08,14.979054669891067,3.122573392309491e-07,0.9999719880266967,False,0.008956318721175194,0.0003650907310657203
4,34, one,content,-0.011056900024414062,5.2725827009816304e-08,14.979882565650705,3.1199910205305207e-07,0.9999724340192179,False,0.14050298929214478,0.01161599438637495
6,35, lowercase,content,-0.011167526245117188,4.491701696270608e-08,14.979991564224381,3.119645554657021e-07,0.999972327552043,False,0.21050798892974854,0.03812367096543312
12,23,:,content,-0.011285781860351562,1.2372682338642722e-09,14.980110211349297,3.1192724334614316e-07,0.9999709723383189,False,-0.02313576638698578,-0.001196472905576229
5,25, color,relation,-0.011617660522460938,4.311329859511872e-08,14.980440020866677,3.1182331915498603e-07,0.9999696274783703,False,0.09717428684234619,0.007456006016582251
0,23,:,content,-0.011667251586914062,1.3538917880177498e-08,14.980491719626832,3.118085003491938e-07,0.9999716942689167,False,0.13706326484680176,0.015885312110185623
21,25, color,relation,-0.012178421020507812,9.02511303872839e-10,14.981003589113893,3.1164904778792556e-07,0.999971353136336,False,-0.05347990617156029,-0.0002821951638907194
19,30,?,question_end,-0.012416839599609375,4.463637349229071e-08,14.98124176959509,3.1157501873053063e-07,0.9999722036586175,False,0.025566328316926956,0.00037357318797148764
18,41,assistant,chat_template,-0.012739181518554688,7.873973001793372e-09,14.98156343393432,3.1147412392170795e-07,0.9999706712981137,False,0.01595824584364891,0.0015156749868765473
3,34, one,content,-0.012880325317382812,4.1485907375008285e-08,14.981706119429312,3.114306788463825e-07,0.9999723231878491,False,0.09889771789312363,0.00899534486234188
17,41,assistant,chat_template,-0.013456344604492188,7.497190409651817e-09,14.982281480438493,3.112511371529963e-07,0.9999716701262419,False,-0.05914270505309105,-0.00014319982437882572
11,42,"
",assistant_prefix,-0.013530731201171875,1.124664909976509e-08,14.982358079488655,3.112280523617896e-07,0.9999718862333552,False,0.2118995636701584,0.07465799897909164
7,36, word,content,-0.013719558715820312,1.4626583941470166e-08,14.982547633841103,3.1116918224730233e-07,0.9999715415976285,False,0.03646835312247276,0.0004853685386478901
10,26, is,content,-0.014287948608398438,3.1781784164623908e-09,14.98311389278962,3.1099230989588e-07,0.9999713577138242,False,0.08284217119216919,0.004712139256298542
13,23,:,content,-0.014530181884765625,6.416657782142513e-09,14.983354129417954,3.1091677688492665e-07,0.9999706840867216,False,0.03588894009590149,0.001639824127778411
3,29,ax,content,-0.015071868896484375,5.015269125838342e-09,14.983897889109937,3.107486856866853e-07,0.9999715940386834,False,0.073021799325943,0.0010731667280197144
12,26, is,content,-0.016843795776367188,3.349301095658642e-09,14.985667834059816,3.101983764970856e-07,0.9999710370395727,False,0.17640185356140137,0.01150416862219572
19,42,"
",assistant_prefix,-0.018087387084960938,2.0119091596926735e-06,14.98689027252005,3.098096912525867e-07,0.9999608214777915,False,0.18610577285289764,0.05661385506391525
10,29,ax,content,-0.018611907958984375,4.5557153250736114e-08,14.987438797767027,3.096508118696249e-07,0.9999723814600979,False,0.09495669603347778,0.003586967708542943
9,29,ax,content,-0.01929473876953125,2.2814516287006444e-08,14.98812105541451,3.0943933658050214e-07,0.9999720313320852,False,0.12551528215408325,0.005991722457110882
6,25, color,relation,-0.020006179809570312,8.940260658033091e-08,14.988829054728324,3.0921833200442585e-07,0.9999690075909526,False,0.09619424492120743,0.0075643714517354965
18,30,?,question_end,-0.02028656005859375,9.57707904558226e-08,14.989110846648524,3.091327735255022e-07,0.9999726566702163,False,0.0727171003818512,0.004274534992873669
11,29,ax,content,-0.021051406860351562,6.531985090708234e-09,14.989877848239638,3.0889604094343504e-07,0.9999714143273678,False,0.10753573477268219,0.003872778033837676
17,26, is,content,-0.021352767944335938,1.1326794179203432e-08,14.99017773012159,3.088030992858454e-07,0.999971846832931,False,0.09472064673900604,0.0030506530310958624
12,29,ax,content,-0.02288055419921875,1.4845247518561994e-08,14.9917080269732,3.0833163583021607e-07,0.9999717218573033,False,0.07160992920398712,0.0003974162391386926
11,36, word,content,-0.023744583129882812,5.928531794426782e-08,14.99256983266823,3.08065593709998e-07,0.9999725342419903,False,-0.0029689231887459755,-0.001302447635680437
11,26, is,content,-0.024591445922851562,1.3512719915655605e-09,14.993415725260334,3.0780445956467856e-07,0.9999713799910632,False,0.12751410901546478,0.007075405213981867
8,36, word,content,-0.025251388549804688,3.191233302604028e-08,14.994079886235555,3.0760169208325606e-07,0.9999723513138588,False,0.027298588305711746,-0.000227380616706796
8,30,?,question_end,-0.025787353515625,2.5018490451879623e-08,14.99461034862218,3.074366784698087e-07,0.9999717201260746,False,-0.009202704764902592,-0.00020810351998079568
16,26, is,content,-0.02605438232421875,5.434363339196807e-09,14.994879318902763,3.0735457295915133e-07,0.999971648482829,False,0.15424534678459167,0.004416617564857006
9,36, word,content,-0.02724456787109375,3.081843344516318e-08,14.996071035655211,3.0698919324070867e-07,0.9999723378955925,False,0.041975002735853195,0.00023713501286692917
10,36, word,content,-0.027669906616210938,1.1798371686294808e-07,14.996499668258801,3.068589791128306e-07,0.9999734214430396,False,0.06487498432397842,0.002892015967518091
12,36, word,content,-0.028139114379882812,7.641510564091867e-08,14.996963791787435,3.067147888706566e-07,0.9999726278937975,False,0.01912221871316433,0.0004009749973192811
18,26, is,content,-0.028722763061523438,2.6738365514493382e-08,14.997547849853833,3.065356889580615e-07,0.9999721762107742,False,0.07869047671556473,0.0024112185928970575
4,25, color,relation,-0.030630111694335938,3.1004285576562866e-08,14.999451468257389,3.0595087869521364e-07,0.9999698979187132,False,0.14109402894973755,0.011511768214404583
8,25, color,relation,-0.03325843811035156,1.5191411531803198e-07,15.002079161733882,3.0514733036666506e-07,0.9999683728137472,False,0.12591060996055603,0.016428153961896896
3,25, color,relation,-0.033672332763671875,2.3054300667438254e-08,15.002493301017886,3.0502175687596207e-07,0.999970665121361,False,0.14298918843269348,0.01222886424511671
14,29,ax,content,-0.034046173095703125,7.142635725438222e-08,15.002873251170598,3.0490836452821556e-07,0.9999726846086147,False,0.12548916041851044,0.006089997012168169
19,26, is,content,-0.034515380859375,3.901327388760867e-08,15.003340323860344,3.047652380113817e-07,0.999972373874963,False,0.0874428078532219,0.002920227125287056
7,25, color,relation,-0.03479766845703125,7.89545545345268e-08,15.003619442768056,3.046782276819246e-07,0.9999691212840627,False,0.09476494789123535,0.009552431292831898
13,21,.,content,-0.03535652160644531,8.749880254795041e-08,15.004181403784884,3.045080566399174e-07,0.9999692913100778,False,0.18445844948291779,0.026363782584667206
14,21,.,content,-0.03915214538574219,1.8949955676631206e-08,15.007978590700965,3.0335478882931056e-07,0.9999704104138151,False,0.20538271963596344,0.03273278847336769
13,30,?,question_end,-0.04086112976074219,1.1034288800625435e-07,15.009679019462377,3.0283728533051583e-07,0.9999720031534806,False,0.20472265779972076,0.040204007178545
13,29,ax,content,-0.0410308837890625,2.589598948441611e-08,15.009857974615203,3.0278590592328465e-07,0.9999720826753755,False,0.07671698182821274,0.0018035342218354344
19,25, color,relation,-0.042388916015625,1.8779488798713176e-07,15.011211067451367,3.0237526566034907e-07,0.9999729877339522,False,0.11004255712032318,0.017475523054599762
18,25, color,relation,-0.04405784606933594,2.386986596401774e-07,15.012880257281942,3.0187114049554e-07,0.9999733094873041,False,0.09122338891029358,0.015071362257003784
13,26, is,content,-0.0447845458984375,6.251388198316515e-09,15.013609092651025,3.0165119703597937e-07,0.9999711433326125,False,0.13643915951251984,0.008798263035714626
18,42,"
",assistant_prefix,-0.04611015319824219,1.2342276120941644e-06,15.01491579892498,3.0124923188271616e-07,0.9999633127505373,False,0.25678911805152893,0.12777025997638702
17,42,"
",assistant_prefix,-0.04752349853515625,9.067879770757838e-07,15.016331205870358,3.008241168263656e-07,0.9999644874917034,False,0.31263214349746704,0.15423111617565155
17,30,?,question_end,-0.04805183410644531,1.4039314132662389e-07,15.0168759186043,3.0066780879932153e-07,0.9999730883678407,False,0.1232118010520935,0.012146457098424435
14,26, is,content,-0.04891014099121094,5.668972694806564e-09,15.017734624434162,3.004092793691838e-07,0.9999711747080525,False,0.10189083963632584,0.006522748619318008
14,30,?,question_end,-0.049571990966796875,2.4471891020549475e-07,15.018389158310738,3.0021100977409427e-07,0.9999728085050706,False,0.22450125217437744,0.046766288578510284
17,25, color,relation,-0.05612373352050781,2.063047118250256e-08,15.024944840327407,2.982500603477702e-07,0.9999712210967865,False,0.18614958226680756,0.030668694525957108
11,25, color,relation,-0.06239128112792969,4.512635741536801e-07,15.03121192884972,2.9638518478563584e-07,0.9999664138551281,False,0.1933574080467224,0.030665649101138115
9,25, color,relation,-0.06652641296386719,2.8705653363412307e-08,15.03534982823729,2.9516319242889036e-07,0.9999700353156792,False,0.15169987082481384,0.021207701414823532
15,26, is,content,-0.06961250305175781,1.6996498602481617e-08,15.038439118554614,2.942542923145358e-07,0.9999720606258007,False,0.014567703008651733,0.00031342124566435814
16,30,?,question_end,-0.08727645874023438,5.075907852439645e-07,15.056101686285468,2.891030713232974e-07,0.9999749556045426,False,0.17413917183876038,0.02759896218776703
16,25, color,relation,-0.08972358703613281,9.046915894660402e-08,15.058542135585183,2.8839478292427344e-07,0.9999691268828356,False,0.21339063346385956,0.03911775350570679
15,30,?,question_end,-0.092742919921875,9.86167016028113e-07,15.061569225385593,2.875273942548966e-07,0.9999762841107014,False,0.10533396899700165,0.01766940951347351
10,25, color,relation,-0.10610389709472656,6.211574286998564e-08,15.07492307591886,2.8370949680674294e-07,0.999969937466844,False,0.14004254341125488,0.023815548047423363
15,25, color,relation,-0.14156341552734375,2.973706332559757e-08,15.110384633916672,2.7382563401705723e-07,0.9999701714336441,False,0.11502079665660858,0.01810985431075096
14,25, color,relation,-0.1584339141845703,4.959364325886219e-08,15.12725025613531,2.692447476745689e-07,0.9999699470830604,False,0.25792497396469116,0.07249277085065842
13,25, color,relation,-0.1600475311279297,1.2081403544536278e-07,15.12886120052834,2.6881085670249595e-07,0.9999707527518179,False,0.2574082016944885,0.07268308103084564
12,25, color,relation,-0.17735862731933594,6.72745552417345e-07,15.146174858784114,2.6419827980429876e-07,0.9999737326157001,False,0.29587846994400024,0.08100338280200958
